{
  "05- Delete API" : {
    "transaction" : "05- Delete API",
    "sampleCount" : 14500,
    "errorCount" : 2177,
    "errorPct" : 15.013793,
    "meanResTime" : 0.9741379310344809,
    "medianResTime" : 1.0,
    "minResTime" : 0.0,
    "maxResTime" : 22.0,
    "pct1ResTime" : 2.0,
    "pct2ResTime" : 2.0,
    "pct3ResTime" : 3.0,
    "throughput" : 50.00672504233328,
    "receivedKBytesPerSec" : 45.4521288261611,
    "sentKBytesPerSec" : 10.37568818522146
  },
  "04- Patch API" : {
    "transaction" : "04- Patch API",
    "sampleCount" : 14596,
    "errorCount" : 1986,
    "errorPct" : 13.606467,
    "meanResTime" : 0.9989038092628054,
    "medianResTime" : 1.0,
    "minResTime" : 0.0,
    "maxResTime" : 22.0,
    "pct1ResTime" : 2.0,
    "pct2ResTime" : 2.0,
    "pct3ResTime" : 3.0,
    "throughput" : 50.00873679630245,
    "receivedKBytesPerSec" : 44.49285788315991,
    "sentKBytesPerSec" : 10.463544860879367
  },
  "Total" : {
    "transaction" : "Total",
    "sampleCount" : 73495,
    "errorCount" : 10320,
    "errorPct" : 14.041772,
    "meanResTime" : 0.9901898088305227,
    "medianResTime" : 1.0,
    "minResTime" : 0.0,
    "maxResTime" : 67.0,
    "pct1ResTime" : 2.0,
    "pct2ResTime" : 2.0,
    "pct3ResTime" : 2.0,
    "throughput" : 246.5820066766201,
    "receivedKBytesPerSec" : 208.99783138284042,
    "sentKBytesPerSec" : 45.77644541275939
  },
  "03- Put API" : {
    "transaction" : "03- Put API",
    "sampleCount" : 14698,
    "errorCount" : 2206,
    "errorPct" : 15.008844,
    "meanResTime" : 0.9785004762552759,
    "medianResTime" : 1.0,
    "minResTime" : 0.0,
    "maxResTime" : 23.0,
    "pct1ResTime" : 2.0,
    "pct2ResTime" : 2.0,
    "pct3ResTime" : 3.0,
    "throughput" : 50.006634435783766,
    "receivedKBytesPerSec" : 45.32430031156331,
    "sentKBytesPerSec" : 10.127242949636127
  },
  "02- Post API" : {
    "transaction" : "02- Post API",
    "sampleCount" : 14800,
    "errorCount" : 1901,
    "errorPct" : 12.844595,
    "meanResTime" : 1.0086486486486577,
    "medianResTime" : 1.0,
    "minResTime" : 0.0,
    "maxResTime" : 23.0,
    "pct1ResTime" : 2.0,
    "pct2ResTime" : 2.0,
    "pct3ResTime" : 3.0,
    "throughput" : 50.00523703495974,
    "receivedKBytesPerSec" : 43.949384136303124,
    "sentKBytesPerSec" : 10.46995868866334
  },
  "01- Get API" : {
    "transaction" : "01- Get API",
    "sampleCount" : 14901,
    "errorCount" : 2050,
    "errorPct" : 13.757466,
    "meanResTime" : 0.9904704382256283,
    "medianResTime" : 1.0,
    "minResTime" : 0.0,
    "maxResTime" : 67.0,
    "pct1ResTime" : 2.0,
    "pct2ResTime" : 2.0,
    "pct3ResTime" : 3.0,
    "throughput" : 49.994128600426095,
    "receivedKBytesPerSec" : 32.87312416647095,
    "sentKBytesPerSec" : 5.052680084212645
  }
}