{
  "05- Delete API" : {
    "transaction" : "05- Delete API",
    "sampleCount" : 85837,
    "errorCount" : 823,
    "errorPct" : 0.958794,
    "meanResTime" : 508.83523422301084,
    "medianResTime" : 47.0,
    "minResTime" : 4.0,
    "maxResTime" : 1744173.0,
    "pct1ResTime" : 721.0,
    "pct2ResTime" : 1192.0,
    "pct3ResTime" : 26464.900000000016,
    "throughput" : 18.309897310394536,
    "receivedKBytesPerSec" : 10.88634095201835,
    "sentKBytesPerSec" : 3.6256922512020555
  },
  "04- Patch API" : {
    "transaction" : "04- Patch API",
    "sampleCount" : 85904,
    "errorCount" : 781,
    "errorPct" : 0.9091544,
    "meanResTime" : 472.4372439001691,
    "medianResTime" : 46.0,
    "minResTime" : 4.0,
    "maxResTime" : 105390.0,
    "pct1ResTime" : 704.0,
    "pct2ResTime" : 1183.9500000000007,
    "pct3ResTime" : 25198.970000000005,
    "throughput" : 23.91343683277241,
    "receivedKBytesPerSec" : 14.91116461618146,
    "sentKBytesPerSec" : 5.109358069208638
  },
  "Total" : {
    "transaction" : "Total",
    "sampleCount" : 429793,
    "errorCount" : 3932,
    "errorPct" : 0.914859,
    "meanResTime" : 485.5661655727359,
    "medianResTime" : 22.0,
    "minResTime" : 3.0,
    "maxResTime" : 1744173.0,
    "pct1ResTime" : 291.0,
    "pct2ResTime" : 624.0,
    "pct3ResTime" : 909.9900000000016,
    "throughput" : 91.52114539152225,
    "receivedKBytesPerSec" : 54.96777168613209,
    "sentKBytesPerSec" : 17.551936830083264
  },
  "03- Put API" : {
    "transaction" : "03- Put API",
    "sampleCount" : 85961,
    "errorCount" : 763,
    "errorPct" : 0.8876118,
    "meanResTime" : 460.2704831260731,
    "medianResTime" : 47.0,
    "minResTime" : 4.0,
    "maxResTime" : 105481.0,
    "pct1ResTime" : 702.0,
    "pct2ResTime" : 1193.800000000003,
    "pct3ResTime" : 24262.980000000163,
    "throughput" : 23.91610208796049,
    "receivedKBytesPerSec" : 15.77126295341923,
    "sentKBytesPerSec" : 5.064031235854232
  },
  "02- Post API" : {
    "transaction" : "02- Post API",
    "sampleCount" : 86018,
    "errorCount" : 764,
    "errorPct" : 0.8881862,
    "meanResTime" : 504.213257690251,
    "medianResTime" : 45.0,
    "minResTime" : 4.0,
    "maxResTime" : 1744165.0,
    "pct1ResTime" : 713.9000000000015,
    "pct2ResTime" : 1209.9500000000007,
    "pct3ResTime" : 23896.950000000328,
    "throughput" : 18.324810883852894,
    "receivedKBytesPerSec" : 12.107532749943385,
    "sentKBytesPerSec" : 3.915157509533831
  },
  "01- Get API" : {
    "transaction" : "01- Get API",
    "sampleCount" : 86073,
    "errorCount" : 801,
    "errorPct" : 0.9306054,
    "meanResTime" : 482.09163152207884,
    "medianResTime" : 46.0,
    "minResTime" : 3.0,
    "maxResTime" : 105479.0,
    "pct1ResTime" : 729.9000000000015,
    "pct2ResTime" : 1232.9500000000007,
    "pct3ResTime" : 25935.82000000051,
    "throughput" : 23.920435849778116,
    "receivedKBytesPerSec" : 11.12026709319168,
    "sentKBytesPerSec" : 2.916548714686141
  }
}