{
  "05- Delete API" : {
    "transaction" : "05- Delete API",
    "sampleCount" : 14500,
    "errorCount" : 2266,
    "errorPct" : 15.627586,
    "meanResTime" : 1.158551724137931,
    "medianResTime" : 1.0,
    "minResTime" : 0.0,
    "maxResTime" : 26.0,
    "pct1ResTime" : 2.0,
    "pct2ResTime" : 2.0,
    "pct3ResTime" : 4.0,
    "throughput" : 50.02345927745425,
    "receivedKBytesPerSec" : 45.868230715525215,
    "sentKBytesPerSec" : 10.304199232226148
  },
  "04- Patch API" : {
    "transaction" : "04- Patch API",
    "sampleCount" : 14596,
    "errorCount" : 2132,
    "errorPct" : 14.606742,
    "meanResTime" : 1.194779391614142,
    "medianResTime" : 1.0,
    "minResTime" : 0.0,
    "maxResTime" : 30.0,
    "pct1ResTime" : 2.0,
    "pct2ResTime" : 2.0,
    "pct3ResTime" : 4.0,
    "throughput" : 50.02450501581687,
    "receivedKBytesPerSec" : 45.16070652844467,
    "sentKBytesPerSec" : 10.345657814015498
  },
  "Total" : {
    "transaction" : "Total",
    "sampleCount" : 73493,
    "errorCount" : 11061,
    "errorPct" : 15.050413,
    "meanResTime" : 1.2021553073081686,
    "medianResTime" : 1.0,
    "minResTime" : 0.0,
    "maxResTime" : 117.0,
    "pct1ResTime" : 2.0,
    "pct2ResTime" : 3.0,
    "pct3ResTime" : 5.0,
    "throughput" : 246.61666750557876,
    "receivedKBytesPerSec" : 212.45768409401688,
    "sentKBytesPerSec" : 45.26510146641835
  },
  "03- Put API" : {
    "transaction" : "03- Put API",
    "sampleCount" : 14697,
    "errorCount" : 2315,
    "errorPct" : 15.7515135,
    "meanResTime" : 1.1850037422603226,
    "medianResTime" : 1.0,
    "minResTime" : 0.0,
    "maxResTime" : 30.0,
    "pct1ResTime" : 2.0,
    "pct2ResTime" : 2.0,
    "pct3ResTime" : 4.0,
    "throughput" : 50.02076115146111,
    "receivedKBytesPerSec" : 45.82323216987217,
    "sentKBytesPerSec" : 10.041585054353376
  },
  "02- Post API" : {
    "transaction" : "02- Post API",
    "sampleCount" : 14799,
    "errorCount" : 2101,
    "errorPct" : 14.196905,
    "meanResTime" : 1.2100817622812339,
    "medianResTime" : 1.0,
    "minResTime" : 0.0,
    "maxResTime" : 30.0,
    "pct1ResTime" : 2.0,
    "pct2ResTime" : 2.0,
    "pct3ResTime" : 4.0,
    "throughput" : 50.02349234893068,
    "receivedKBytesPerSec" : 44.8499963610098,
    "sentKBytesPerSec" : 10.311268869933512
  },
  "01- Get API" : {
    "transaction" : "01- Get API",
    "sampleCount" : 14901,
    "errorCount" : 2247,
    "errorPct" : 15.079525,
    "meanResTime" : 1.2608549761760914,
    "medianResTime" : 1.0,
    "minResTime" : 0.0,
    "maxResTime" : 117.0,
    "pct1ResTime" : 2.0,
    "pct2ResTime" : 2.0,
    "pct3ResTime" : 4.0,
    "throughput" : 50.00251673629637,
    "receivedKBytesPerSec" : 33.92187932564051,
    "sentKBytesPerSec" : 4.976059545980772
  }
}