{
  "05- Delete API" : {
    "transaction" : "05- Delete API",
    "sampleCount" : 14500,
    "errorCount" : 2050,
    "errorPct" : 14.137931,
    "meanResTime" : 1.0047586206896528,
    "medianResTime" : 1.0,
    "minResTime" : 0.0,
    "maxResTime" : 30.0,
    "pct1ResTime" : 2.0,
    "pct2ResTime" : 2.0,
    "pct3ResTime" : 3.0,
    "throughput" : 50.00500050005,
    "receivedKBytesPerSec" : 44.87871335624942,
    "sentKBytesPerSec" : 10.48225781629887
  },
  "04- Patch API" : {
    "transaction" : "04- Patch API",
    "sampleCount" : 14596,
    "errorCount" : 2088,
    "errorPct" : 14.305289,
    "meanResTime" : 1.0228144697177257,
    "medianResTime" : 1.0,
    "minResTime" : 0.0,
    "maxResTime" : 27.0,
    "pct1ResTime" : 2.0,
    "pct2ResTime" : 2.0,
    "pct3ResTime" : 3.0,
    "throughput" : 50.00222673659761,
    "receivedKBytesPerSec" : 44.94364054733186,
    "sentKBytesPerSec" : 10.377556036682916
  },
  "Total" : {
    "transaction" : "Total",
    "sampleCount" : 73494,
    "errorCount" : 10194,
    "errorPct" : 13.87052,
    "meanResTime" : 1.01386507742129,
    "medianResTime" : 1.0,
    "minResTime" : 0.0,
    "maxResTime" : 44.0,
    "pct1ResTime" : 2.0,
    "pct2ResTime" : 2.0,
    "pct3ResTime" : 3.0,
    "throughput" : 246.5645884215894,
    "receivedKBytesPerSec" : 208.36394892635002,
    "sentKBytesPerSec" : 45.84469366881156
  },
  "03- Put API" : {
    "transaction" : "03- Put API",
    "sampleCount" : 14697,
    "errorCount" : 2154,
    "errorPct" : 14.656053,
    "meanResTime" : 1.0103422467170176,
    "medianResTime" : 1.0,
    "minResTime" : 0.0,
    "maxResTime" : 26.0,
    "pct1ResTime" : 2.0,
    "pct2ResTime" : 2.0,
    "pct3ResTime" : 3.0,
    "throughput" : 50.00306203686693,
    "receivedKBytesPerSec" : 45.09021725470532,
    "sentKBytesPerSec" : 10.168553965848082
  },
  "02- Post API" : {
    "transaction" : "02- Post API",
    "sampleCount" : 14800,
    "errorCount" : 1926,
    "errorPct" : 13.013514,
    "meanResTime" : 1.0260135135135158,
    "medianResTime" : 1.0,
    "minResTime" : 0.0,
    "maxResTime" : 28.0,
    "pct1ResTime" : 2.0,
    "pct2ResTime" : 2.0,
    "pct3ResTime" : 3.0,
    "throughput" : 50.003040725449516,
    "receivedKBytesPerSec" : 44.057901166709456,
    "sentKBytesPerSec" : 10.449207532045866
  },
  "01- Get API" : {
    "transaction" : "01- Get API",
    "sampleCount" : 14901,
    "errorCount" : 1976,
    "errorPct" : 13.260855,
    "meanResTime" : 1.0053687671968305,
    "medianResTime" : 1.0,
    "minResTime" : 0.0,
    "maxResTime" : 44.0,
    "pct1ResTime" : 2.0,
    "pct2ResTime" : 2.0,
    "pct3ResTime" : 3.0,
    "throughput" : 49.99127727528919,
    "receivedKBytesPerSec" : 32.479460578106966,
    "sentKBytesPerSec" : 5.081485136141604
  }
}