{
  "05- Delete API" : {
    "transaction" : "05- Delete API",
    "sampleCount" : 14500,
    "errorCount" : 2272,
    "errorPct" : 15.668965,
    "meanResTime" : 1.423103448275864,
    "medianResTime" : 1.0,
    "minResTime" : 0.0,
    "maxResTime" : 37.0,
    "pct1ResTime" : 2.0,
    "pct2ResTime" : 3.0,
    "pct3ResTime" : 5.0,
    "throughput" : 50.02673842916042,
    "receivedKBytesPerSec" : 45.898265667856954,
    "sentKBytesPerSec" : 10.299820809398126
  },
  "04- Patch API" : {
    "transaction" : "04- Patch API",
    "sampleCount" : 14593,
    "errorCount" : 2272,
    "errorPct" : 15.569108,
    "meanResTime" : 1.4594668676762896,
    "medianResTime" : 1.0,
    "minResTime" : 0.0,
    "maxResTime" : 52.0,
    "pct1ResTime" : 2.0,
    "pct2ResTime" : 3.0,
    "pct3ResTime" : 6.0,
    "throughput" : 50.023652655610476,
    "receivedKBytesPerSec" : 45.78896831251157,
    "sentKBytesPerSec" : 10.22888979062258
  },
  "Total" : {
    "transaction" : "Total",
    "sampleCount" : 73482,
    "errorCount" : 11327,
    "errorPct" : 15.4146595,
    "meanResTime" : 1.4644130535369255,
    "medianResTime" : 1.0,
    "minResTime" : 0.0,
    "maxResTime" : 156.0,
    "pct1ResTime" : 3.0,
    "pct2ResTime" : 3.0,
    "pct3ResTime" : 6.0,
    "throughput" : 246.5747908634245,
    "receivedKBytesPerSec" : 213.5762645401512,
    "sentKBytesPerSec" : 45.03142291727486
  },
  "03- Put API" : {
    "transaction" : "03- Put API",
    "sampleCount" : 14694,
    "errorCount" : 2219,
    "errorPct" : 15.101402,
    "meanResTime" : 1.4345311011297066,
    "medianResTime" : 1.0,
    "minResTime" : 0.0,
    "maxResTime" : 43.0,
    "pct1ResTime" : 2.0,
    "pct2ResTime" : 3.0,
    "pct3ResTime" : 6.0,
    "throughput" : 50.02587427824381,
    "receivedKBytesPerSec" : 45.40232986598145,
    "sentKBytesPerSec" : 10.120106335623433
  },
  "02- Post API" : {
    "transaction" : "02- Post API",
    "sampleCount" : 14796,
    "errorCount" : 2338,
    "errorPct" : 15.801568,
    "meanResTime" : 1.4554609353879362,
    "medianResTime" : 1.0,
    "minResTime" : 0.0,
    "maxResTime" : 41.0,
    "pct1ResTime" : 2.0,
    "pct2ResTime" : 3.0,
    "pct3ResTime" : 6.0,
    "throughput" : 50.02248239442572,
    "receivedKBytesPerSec" : 45.898704927447795,
    "sentKBytesPerSec" : 10.118226439126804
  },
  "01- Get API" : {
    "transaction" : "01- Get API",
    "sampleCount" : 14899,
    "errorCount" : 2226,
    "errorPct" : 14.9406,
    "meanResTime" : 1.5478220014766095,
    "medianResTime" : 1.0,
    "minResTime" : 0.0,
    "maxResTime" : 156.0,
    "pct1ResTime" : 2.0,
    "pct2ResTime" : 3.0,
    "pct3ResTime" : 6.0,
    "throughput" : 49.99865766406701,
    "receivedKBytesPerSec" : 33.80964389191008,
    "sentKBytesPerSec" : 4.9838154137079345
  }
}