{
  "05- Delete API" : {
    "transaction" : "05- Delete API",
    "sampleCount" : 14500,
    "errorCount" : 2104,
    "errorPct" : 14.5103445,
    "meanResTime" : 0.9777241379310372,
    "medianResTime" : 1.0,
    "minResTime" : 0.0,
    "maxResTime" : 25.0,
    "pct1ResTime" : 2.0,
    "pct2ResTime" : 2.0,
    "pct3ResTime" : 3.0,
    "throughput" : 50.01069194103567,
    "receivedKBytesPerSec" : 45.12699697866441,
    "sentKBytesPerSec" : 10.437980490656624
  },
  "04- Patch API" : {
    "transaction" : "04- Patch API",
    "sampleCount" : 14593,
    "errorCount" : 2026,
    "errorPct" : 13.8833685,
    "meanResTime" : 0.9790995682861635,
    "medianResTime" : 1.0,
    "minResTime" : 0.0,
    "maxResTime" : 22.0,
    "pct1ResTime" : 2.0,
    "pct2ResTime" : 2.0,
    "pct3ResTime" : 3.0,
    "throughput" : 50.00839584525601,
    "receivedKBytesPerSec" : 44.67349010254069,
    "sentKBytesPerSec" : 10.429936885518368
  },
  "Total" : {
    "transaction" : "Total",
    "sampleCount" : 73491,
    "errorCount" : 10086,
    "errorPct" : 13.72413,
    "meanResTime" : 0.9911553795702936,
    "medianResTime" : 1.0,
    "minResTime" : 0.0,
    "maxResTime" : 56.0,
    "pct1ResTime" : 2.0,
    "pct2ResTime" : 2.0,
    "pct3ResTime" : 2.0,
    "throughput" : 246.59092434267922,
    "receivedKBytesPerSec" : 207.89897860897298,
    "sentKBytesPerSec" : 45.92910130298159
  },
  "03- Put API" : {
    "transaction" : "03- Put API",
    "sampleCount" : 14697,
    "errorCount" : 2143,
    "errorPct" : 14.581207,
    "meanResTime" : 0.9819691093420394,
    "medianResTime" : 1.0,
    "minResTime" : 0.0,
    "maxResTime" : 24.0,
    "pct1ResTime" : 2.0,
    "pct2ResTime" : 2.0,
    "pct3ResTime" : 3.0,
    "throughput" : 50.00697518535279,
    "receivedKBytesPerSec" : 45.044768116555346,
    "sentKBytesPerSec" : 10.178268086995873
  },
  "02- Post API" : {
    "transaction" : "02- Post API",
    "sampleCount" : 14800,
    "errorCount" : 1853,
    "errorPct" : 12.52027,
    "meanResTime" : 1.0180405405405402,
    "medianResTime" : 1.0,
    "minResTime" : 0.0,
    "maxResTime" : 32.0,
    "pct1ResTime" : 2.0,
    "pct2ResTime" : 2.0,
    "pct3ResTime" : 3.0,
    "throughput" : 50.00844737286704,
    "receivedKBytesPerSec" : 43.740123833206624,
    "sentKBytesPerSec" : 10.509594367714142
  },
  "01- Get API" : {
    "transaction" : "01- Get API",
    "sampleCount" : 14901,
    "errorCount" : 1960,
    "errorPct" : 13.15348,
    "meanResTime" : 0.9983893698409421,
    "medianResTime" : 1.0,
    "minResTime" : 0.0,
    "maxResTime" : 56.0,
    "pct1ResTime" : 2.0,
    "pct2ResTime" : 2.0,
    "pct3ResTime" : 3.0,
    "throughput" : 49.998657844229406,
    "receivedKBytesPerSec" : 32.399532169586415,
    "sentKBytesPerSec" : 5.08852670722214
  }
}