{
  "05- Delete API" : {
    "transaction" : "05- Delete API",
    "sampleCount" : 14500,
    "errorCount" : 2233,
    "errorPct" : 15.4,
    "meanResTime" : 1.1348965517241352,
    "medianResTime" : 1.0,
    "minResTime" : 0.0,
    "maxResTime" : 34.0,
    "pct1ResTime" : 2.0,
    "pct2ResTime" : 2.0,
    "pct3ResTime" : 4.0,
    "throughput" : 50.01845508515211,
    "receivedKBytesPerSec" : 45.715011794222356,
    "sentKBytesPerSec" : 10.33096020557585
  },
  "04- Patch API" : {
    "transaction" : "04- Patch API",
    "sampleCount" : 14594,
    "errorCount" : 2277,
    "errorPct" : 15.602303,
    "meanResTime" : 1.1285459777990952,
    "medianResTime" : 1.0,
    "minResTime" : 0.0,
    "maxResTime" : 29.0,
    "pct1ResTime" : 2.0,
    "pct2ResTime" : 2.0,
    "pct3ResTime" : 4.0,
    "throughput" : 50.01593628228811,
    "receivedKBytesPerSec" : 45.8035982797383,
    "sentKBytesPerSec" : 10.223291090761412
  },
  "Total" : {
    "transaction" : "Total",
    "sampleCount" : 73488,
    "errorCount" : 11172,
    "errorPct" : 15.202482,
    "meanResTime" : 1.1486365120836275,
    "medianResTime" : 1.0,
    "minResTime" : 0.0,
    "maxResTime" : 104.0,
    "pct1ResTime" : 2.0,
    "pct2ResTime" : 3.0,
    "pct3ResTime" : 5.0,
    "throughput" : 246.59492434843008,
    "receivedKBytesPerSec" : 212.94885284750393,
    "sentKBytesPerSec" : 45.17907502785132
  },
  "03- Put API" : {
    "transaction" : "03- Put API",
    "sampleCount" : 14695,
    "errorCount" : 2226,
    "errorPct" : 15.148009,
    "meanResTime" : 1.1410683906090482,
    "medianResTime" : 1.0,
    "minResTime" : 0.0,
    "maxResTime" : 30.0,
    "pct1ResTime" : 2.0,
    "pct2ResTime" : 2.0,
    "pct3ResTime" : 4.0,
    "throughput" : 50.00782701613726,
    "receivedKBytesPerSec" : 45.41645056409816,
    "sentKBytesPerSec" : 10.11090169352808
  },
  "02- Post API" : {
    "transaction" : "02- Post API",
    "sampleCount" : 14799,
    "errorCount" : 2167,
    "errorPct" : 14.642881,
    "meanResTime" : 1.1549429015474066,
    "medianResTime" : 1.0,
    "minResTime" : 0.0,
    "maxResTime" : 29.0,
    "pct1ResTime" : 2.0,
    "pct2ResTime" : 2.0,
    "pct3ResTime" : 4.0,
    "throughput" : 50.01622257371132,
    "receivedKBytesPerSec" : 45.13515603348778,
    "sentKBytesPerSec" : 10.25618358883887
  },
  "01- Get API" : {
    "transaction" : "01- Get API",
    "sampleCount" : 14900,
    "errorCount" : 2269,
    "errorPct" : 15.228188,
    "meanResTime" : 1.1828859060402712,
    "medianResTime" : 1.0,
    "minResTime" : 0.0,
    "maxResTime" : 104.0,
    "pct1ResTime" : 2.0,
    "pct2ResTime" : 2.0,
    "pct3ResTime" : 4.0,
    "throughput" : 49.998154430541156,
    "receivedKBytesPerSec" : 34.036220034663145,
    "sentKBytesPerSec" : 4.966915021593162
  }
}