{
  "05- Delete API" : {
    "transaction" : "05- Delete API",
    "sampleCount" : 14500,
    "errorCount" : 2087,
    "errorPct" : 14.393104,
    "meanResTime" : 0.9980689655172433,
    "medianResTime" : 1.0,
    "minResTime" : 0.0,
    "maxResTime" : 27.0,
    "pct1ResTime" : 2.0,
    "pct2ResTime" : 2.0,
    "pct3ResTime" : 3.0,
    "throughput" : 50.01897271378799,
    "receivedKBytesPerSec" : 45.05790113814723,
    "sentKBytesPerSec" : 10.454025934406154
  },
  "04- Patch API" : {
    "transaction" : "04- Patch API",
    "sampleCount" : 14595,
    "errorCount" : 2150,
    "errorPct" : 14.731072,
    "meanResTime" : 1.0090441932168583,
    "medianResTime" : 1.0,
    "minResTime" : 0.0,
    "maxResTime" : 27.0,
    "pct1ResTime" : 2.0,
    "pct2ResTime" : 2.0,
    "pct3ResTime" : 3.0,
    "throughput" : 50.01713502398903,
    "receivedKBytesPerSec" : 45.235308724940026,
    "sentKBytesPerSec" : 10.329072781014393
  },
  "Total" : {
    "transaction" : "Total",
    "sampleCount" : 73493,
    "errorCount" : 10524,
    "errorPct" : 14.319731,
    "meanResTime" : 1.0154300409562858,
    "medianResTime" : 1.0,
    "minResTime" : 0.0,
    "maxResTime" : 101.0,
    "pct1ResTime" : 2.0,
    "pct2ResTime" : 2.0,
    "pct3ResTime" : 4.0,
    "throughput" : 246.60921970108788,
    "receivedKBytesPerSec" : 209.95149347010542,
    "sentKBytesPerSec" : 45.63253661111558
  },
  "03- Put API" : {
    "transaction" : "03- Put API",
    "sampleCount" : 14697,
    "errorCount" : 2215,
    "errorPct" : 15.071103,
    "meanResTime" : 1.0016329863237412,
    "medianResTime" : 1.0,
    "minResTime" : 0.0,
    "maxResTime" : 25.0,
    "pct1ResTime" : 2.0,
    "pct2ResTime" : 2.0,
    "pct3ResTime" : 3.0,
    "throughput" : 50.011569662982524,
    "receivedKBytesPerSec" : 45.36951820754444,
    "sentKBytesPerSec" : 10.120823224056732
  },
  "02- Post API" : {
    "transaction" : "02- Post API",
    "sampleCount" : 14800,
    "errorCount" : 1984,
    "errorPct" : 13.405405,
    "meanResTime" : 1.0282432432432487,
    "medianResTime" : 1.0,
    "minResTime" : 0.0,
    "maxResTime" : 35.0,
    "pct1ResTime" : 2.0,
    "pct2ResTime" : 2.0,
    "pct3ResTime" : 3.0,
    "throughput" : 50.01486928546325,
    "receivedKBytesPerSec" : 44.32462184703561,
    "sentKBytesPerSec" : 10.404592412609155
  },
  "01- Get API" : {
    "transaction" : "01- Get API",
    "sampleCount" : 14901,
    "errorCount" : 2088,
    "errorPct" : 14.012483,
    "meanResTime" : 1.039460438896725,
    "medianResTime" : 1.0,
    "minResTime" : 0.0,
    "maxResTime" : 101.0,
    "pct1ResTime" : 2.0,
    "pct2ResTime" : 2.0,
    "pct3ResTime" : 3.0,
    "throughput" : 50.00100666411645,
    "receivedKBytesPerSec" : 33.07887472882985,
    "sentKBytesPerSec" : 5.038432548470877
  }
}