{
  "05- Delete API" : {
    "transaction" : "05- Delete API",
    "sampleCount" : 14500,
    "errorCount" : 2000,
    "errorPct" : 13.793103,
    "meanResTime" : 0.9812413793103444,
    "medianResTime" : 1.0,
    "minResTime" : 0.0,
    "maxResTime" : 17.0,
    "pct1ResTime" : 2.0,
    "pct2ResTime" : 2.0,
    "pct3ResTime" : 2.0,
    "throughput" : 50.01862762684034,
    "receivedKBytesPerSec" : 44.66574513094532,
    "sentKBytesPerSec" : 10.527223284878506
  },
  "04- Patch API" : {
    "transaction" : "04- Patch API",
    "sampleCount" : 14596,
    "errorCount" : 1969,
    "errorPct" : 13.489997,
    "meanResTime" : 0.9866401753905165,
    "medianResTime" : 1.0,
    "minResTime" : 0.0,
    "maxResTime" : 17.0,
    "pct1ResTime" : 2.0,
    "pct2ResTime" : 2.0,
    "pct3ResTime" : 2.0,
    "throughput" : 50.01816225403853,
    "receivedKBytesPerSec" : 44.42512369822901,
    "sentKBytesPerSec" : 10.479625934670715
  },
  "Total" : {
    "transaction" : "Total",
    "sampleCount" : 73495,
    "errorCount" : 9635,
    "errorPct" : 13.1097355,
    "meanResTime" : 0.9927205932376343,
    "medianResTime" : 1.0,
    "minResTime" : 0.0,
    "maxResTime" : 96.0,
    "pct1ResTime" : 2.0,
    "pct2ResTime" : 2.0,
    "pct3ResTime" : 2.0,
    "throughput" : 246.61510326661408,
    "receivedKBytesPerSec" : 205.88931594781303,
    "sentKBytesPerSec" : 46.27623347398621
  },
  "03- Put API" : {
    "transaction" : "03- Put API",
    "sampleCount" : 14698,
    "errorCount" : 2037,
    "errorPct" : 13.859029,
    "meanResTime" : 0.973261668254186,
    "medianResTime" : 1.0,
    "minResTime" : 0.0,
    "maxResTime" : 18.0,
    "pct1ResTime" : 2.0,
    "pct2ResTime" : 2.0,
    "pct3ResTime" : 2.0,
    "throughput" : 50.017695742132204,
    "receivedKBytesPerSec" : 44.58173843013245,
    "sentKBytesPerSec" : 10.266521378668463
  },
  "02- Post API" : {
    "transaction" : "02- Post API",
    "sampleCount" : 14800,
    "errorCount" : 1724,
    "errorPct" : 11.648648,
    "meanResTime" : 1.0070945945945928,
    "medianResTime" : 1.0,
    "minResTime" : 0.0,
    "maxResTime" : 18.0,
    "pct1ResTime" : 2.0,
    "pct2ResTime" : 2.0,
    "pct3ResTime" : 2.0,
    "throughput" : 50.01672856800078,
    "receivedKBytesPerSec" : 43.177302649365835,
    "sentKBytesPerSec" : 10.616066480005136
  },
  "01- Get API" : {
    "transaction" : "01- Get API",
    "sampleCount" : 14901,
    "errorCount" : 1905,
    "errorPct" : 12.784377,
    "meanResTime" : 1.0147641097912932,
    "medianResTime" : 1.0,
    "minResTime" : 0.0,
    "maxResTime" : 96.0,
    "pct1ResTime" : 2.0,
    "pct2ResTime" : 2.0,
    "pct3ResTime" : 2.0,
    "throughput" : 50.000838883948795,
    "receivedKBytesPerSec" : 32.10969547988356,
    "sentKBytesPerSec" : 5.11037615556264
  }
}