{
  "patch" : {
    "transaction" : "patch",
    "sampleCount" : 9197,
    "errorCount" : 206,
    "errorPct" : 2.2398608,
    "meanResTime" : 506.19658584320723,
    "medianResTime" : 316.0,
    "minResTime" : 4.0,
    "maxResTime" : 2786.0,
    "pct1ResTime" : 1248.2000000000007,
    "pct2ResTime" : 1529.1000000000004,
    "pct3ResTime" : 2284.0200000000004,
    "throughput" : 27.81608778233465,
    "receivedKBytesPerSec" : 17.22206997460954,
    "sentKBytesPerSec" : 5.867456016586215
  },
  "post" : {
    "transaction" : "post",
    "sampleCount" : 9369,
    "errorCount" : 164,
    "errorPct" : 1.7504536,
    "meanResTime" : 513.6620770626521,
    "medianResTime" : 326.0,
    "minResTime" : 4.0,
    "maxResTime" : 2721.0,
    "pct1ResTime" : 1260.0,
    "pct2ResTime" : 1513.5,
    "pct3ResTime" : 2198.0,
    "throughput" : 28.12896872457389,
    "receivedKBytesPerSec" : 18.432166029481525,
    "sentKBytesPerSec" : 5.960924036359898
  },
  "Total" : {
    "transaction" : "Total",
    "sampleCount" : 46422,
    "errorCount" : 936,
    "errorPct" : 2.0162854,
    "meanResTime" : 513.1415061824127,
    "medianResTime" : 388.0,
    "minResTime" : 4.0,
    "maxResTime" : 2786.0,
    "pct1ResTime" : 1308.0,
    "pct2ResTime" : 1640.0,
    "pct3ResTime" : 2620.9900000000016,
    "throughput" : 137.70620185162664,
    "receivedKBytesPerSec" : 82.15217133961123,
    "sentKBytesPerSec" : 26.21787099554595
  },
  "Get" : {
    "transaction" : "Get",
    "sampleCount" : 9435,
    "errorCount" : 187,
    "errorPct" : 1.981982,
    "meanResTime" : 521.7040805511386,
    "medianResTime" : 337.0,
    "minResTime" : 4.0,
    "maxResTime" : 2757.0,
    "pct1ResTime" : 1257.0,
    "pct2ResTime" : 1508.199999999999,
    "pct3ResTime" : 2231.9199999999983,
    "throughput" : 28.25146347671163,
    "receivedKBytesPerSec" : 13.077337585899722,
    "sentKBytesPerSec" : 3.4486649751845255
  },
  "delete" : {
    "transaction" : "delete",
    "sampleCount" : 9093,
    "errorCount" : 192,
    "errorPct" : 2.1115143,
    "meanResTime" : 515.7788408666013,
    "medianResTime" : 327.0,
    "minResTime" : 4.0,
    "maxResTime" : 2763.0,
    "pct1ResTime" : 1243.0,
    "pct2ResTime" : 1512.2999999999993,
    "pct3ResTime" : 2270.239999999998,
    "throughput" : 27.84744999678436,
    "receivedKBytesPerSec" : 16.50722866020323,
    "sentKBytesPerSec" : 5.5205394036593995
  },
  "put" : {
    "transaction" : "put",
    "sampleCount" : 9328,
    "errorCount" : 187,
    "errorPct" : 2.0047169,
    "meanResTime" : 508.2343481989732,
    "medianResTime" : 330.0,
    "minResTime" : 4.0,
    "maxResTime" : 2739.0,
    "pct1ResTime" : 1244.1000000000004,
    "pct2ResTime" : 1497.5499999999993,
    "pct3ResTime" : 2260.1299999999974,
    "throughput" : 28.005704420926218,
    "receivedKBytesPerSec" : 18.32404488478571,
    "sentKBytesPerSec" : 5.880103955565564
  }
}