{
  "05- Delete API" : {
    "transaction" : "05- Delete API",
    "sampleCount" : 14500,
    "errorCount" : 2117,
    "errorPct" : 14.6,
    "meanResTime" : 1.0628965517241415,
    "medianResTime" : 1.0,
    "minResTime" : 0.0,
    "maxResTime" : 20.0,
    "pct1ResTime" : 2.0,
    "pct2ResTime" : 2.0,
    "pct3ResTime" : 3.0,
    "throughput" : 50.00293120631209,
    "receivedKBytesPerSec" : 45.178527302678084,
    "sentKBytesPerSec" : 10.425415832566047
  },
  "04- Patch API" : {
    "transaction" : "04- Patch API",
    "sampleCount" : 14595,
    "errorCount" : 2096,
    "errorPct" : 14.361083,
    "meanResTime" : 1.0700239808153515,
    "medianResTime" : 1.0,
    "minResTime" : 0.0,
    "maxResTime" : 23.0,
    "pct1ResTime" : 2.0,
    "pct2ResTime" : 2.0,
    "pct3ResTime" : 3.0,
    "throughput" : 50.001370369862826,
    "receivedKBytesPerSec" : 44.979322804967246,
    "sentKBytesPerSec" : 10.370621882408562
  },
  "Total" : {
    "transaction" : "Total",
    "sampleCount" : 73488,
    "errorCount" : 10539,
    "errorPct" : 14.341117,
    "meanResTime" : 1.0715627041149511,
    "medianResTime" : 1.0,
    "minResTime" : 0.0,
    "maxResTime" : 54.0,
    "pct1ResTime" : 2.0,
    "pct2ResTime" : 2.0,
    "pct3ResTime" : 3.0,
    "throughput" : 246.5651390552497,
    "receivedKBytesPerSec" : 209.9992533423839,
    "sentKBytesPerSec" : 45.618965140145676
  },
  "03- Put API" : {
    "transaction" : "03- Put API",
    "sampleCount" : 14696,
    "errorCount" : 2183,
    "errorPct" : 14.8543825,
    "meanResTime" : 1.0687942297223696,
    "medianResTime" : 1.0,
    "minResTime" : 0.0,
    "maxResTime" : 21.0,
    "pct1ResTime" : 2.0,
    "pct2ResTime" : 2.0,
    "pct3ResTime" : 3.0,
    "throughput" : 50.002211583936415,
    "receivedKBytesPerSec" : 45.21922272606641,
    "sentKBytesPerSec" : 10.14475082679215
  },
  "02- Post API" : {
    "transaction" : "02- Post API",
    "sampleCount" : 14797,
    "errorCount" : 2037,
    "errorPct" : 13.766304,
    "meanResTime" : 1.0857606271541533,
    "medianResTime" : 1.0,
    "minResTime" : 0.0,
    "maxResTime" : 20.0,
    "pct1ResTime" : 2.0,
    "pct2ResTime" : 2.0,
    "pct3ResTime" : 3.0,
    "throughput" : 49.99915524844143,
    "receivedKBytesPerSec" : 44.546650216889965,
    "sentKBytesPerSec" : 10.35797403233709
  },
  "01- Get API" : {
    "transaction" : "01- Get API",
    "sampleCount" : 14900,
    "errorCount" : 2106,
    "errorPct" : 14.134228,
    "meanResTime" : 1.0701342281879194,
    "medianResTime" : 1.0,
    "minResTime" : 0.0,
    "maxResTime" : 54.0,
    "pct1ResTime" : 2.0,
    "pct2ResTime" : 2.0,
    "pct3ResTime" : 3.0,
    "throughput" : 49.99228307039853,
    "receivedKBytesPerSec" : 33.16915373381961,
    "sentKBytesPerSec" : 5.030421059165364
  }
}