{
  "05- Delete API" : {
    "transaction" : "05- Delete API",
    "sampleCount" : 14500,
    "errorCount" : 2005,
    "errorPct" : 13.827586,
    "meanResTime" : 1.221517241379314,
    "medianResTime" : 1.0,
    "minResTime" : 0.0,
    "maxResTime" : 35.0,
    "pct1ResTime" : 2.0,
    "pct2ResTime" : 2.0,
    "pct3ResTime" : 4.0,
    "throughput" : 50.01379690949227,
    "receivedKBytesPerSec" : 44.68394904736651,
    "sentKBytesPerSec" : 10.5219961002173
  },
  "04- Patch API" : {
    "transaction" : "04- Patch API",
    "sampleCount" : 14592,
    "errorCount" : 2008,
    "errorPct" : 13.760965,
    "meanResTime" : 1.1912006578947316,
    "medianResTime" : 1.0,
    "minResTime" : 0.0,
    "maxResTime" : 26.0,
    "pct1ResTime" : 2.0,
    "pct2ResTime" : 2.0,
    "pct3ResTime" : 4.0,
    "throughput" : 50.015424164524426,
    "receivedKBytesPerSec" : 44.599775064267355,
    "sentKBytesPerSec" : 10.446229648671808
  },
  "Total" : {
    "transaction" : "Total",
    "sampleCount" : 73486,
    "errorCount" : 9995,
    "errorPct" : 13.601231,
    "meanResTime" : 1.2234303132569535,
    "medianResTime" : 1.0,
    "minResTime" : 0.0,
    "maxResTime" : 99.0,
    "pct1ResTime" : 2.0,
    "pct2ResTime" : 3.0,
    "pct3ResTime" : 4.0,
    "throughput" : 246.56670144982,
    "receivedKBytesPerSec" : 207.52078784471394,
    "sentKBytesPerSec" : 46.0152729568812
  },
  "03- Put API" : {
    "transaction" : "03- Put API",
    "sampleCount" : 14696,
    "errorCount" : 2001,
    "errorPct" : 13.61595,
    "meanResTime" : 1.2082199237887818,
    "medianResTime" : 1.0,
    "minResTime" : 0.0,
    "maxResTime" : 34.0,
    "pct1ResTime" : 2.0,
    "pct2ResTime" : 2.0,
    "pct3ResTime" : 4.0,
    "throughput" : 50.008166820928835,
    "receivedKBytesPerSec" : 44.414173624060815,
    "sentKBytesPerSec" : 10.293530750632929
  },
  "02- Post API" : {
    "transaction" : "02- Post API",
    "sampleCount" : 14797,
    "errorCount" : 1978,
    "errorPct" : 13.367575,
    "meanResTime" : 1.2505913360816394,
    "medianResTime" : 1.0,
    "minResTime" : 0.0,
    "maxResTime" : 36.0,
    "pct1ResTime" : 2.0,
    "pct2ResTime" : 2.0,
    "pct3ResTime" : 4.0,
    "throughput" : 50.010477291316015,
    "receivedKBytesPerSec" : 44.295990186411295,
    "sentKBytesPerSec" : 10.40822383930201
  },
  "01- Get API" : {
    "transaction" : "01- Get API",
    "sampleCount" : 14901,
    "errorCount" : 2003,
    "errorPct" : 13.442051,
    "meanResTime" : 1.2448828937655219,
    "medianResTime" : 1.0,
    "minResTime" : 0.0,
    "maxResTime" : 99.0,
    "pct1ResTime" : 2.0,
    "pct2ResTime" : 2.0,
    "pct3ResTime" : 4.0,
    "throughput" : 49.99714800511346,
    "receivedKBytesPerSec" : 32.62624153523724,
    "sentKBytesPerSec" : 5.071465539513551
  }
}