{
  "05- Delete API" : {
    "transaction" : "05- Delete API",
    "sampleCount" : 14500,
    "errorCount" : 2122,
    "errorPct" : 14.634482,
    "meanResTime" : 1.4659310344827627,
    "medianResTime" : 1.0,
    "minResTime" : 0.0,
    "maxResTime" : 53.0,
    "pct1ResTime" : 2.0,
    "pct2ResTime" : 3.0,
    "pct3ResTime" : 6.0,
    "throughput" : 49.99620718428257,
    "receivedKBytesPerSec" : 45.19496177229659,
    "sentKBytesPerSec" : 10.4198048984215
  },
  "04- Patch API" : {
    "transaction" : "04- Patch API",
    "sampleCount" : 14590,
    "errorCount" : 2158,
    "errorPct" : 14.790953,
    "meanResTime" : 1.4719671007539408,
    "medianResTime" : 1.0,
    "minResTime" : 0.0,
    "maxResTime" : 43.0,
    "pct1ResTime" : 2.0,
    "pct2ResTime" : 3.0,
    "pct3ResTime" : 6.0,
    "throughput" : 49.98972109915713,
    "receivedKBytesPerSec" : 45.24962872824299,
    "sentKBytesPerSec" : 10.316161858425271
  },
  "Total" : {
    "transaction" : "Total",
    "sampleCount" : 73482,
    "errorCount" : 10723,
    "errorPct" : 14.5926895,
    "meanResTime" : 1.4798454043167077,
    "medianResTime" : 1.0,
    "minResTime" : 0.0,
    "maxResTime" : 56.0,
    "pct1ResTime" : 3.0,
    "pct2ResTime" : 4.0,
    "pct3ResTime" : 7.0,
    "throughput" : 246.5053087103105,
    "receivedKBytesPerSec" : 210.8177912819319,
    "sentKBytesPerSec" : 45.48502129145071
  },
  "03- Put API" : {
    "transaction" : "03- Put API",
    "sampleCount" : 14694,
    "errorCount" : 2148,
    "errorPct" : 14.618212,
    "meanResTime" : 1.5025180345719291,
    "medianResTime" : 1.0,
    "minResTime" : 0.0,
    "maxResTime" : 56.0,
    "pct1ResTime" : 2.0,
    "pct2ResTime" : 3.0,
    "pct3ResTime" : 6.0,
    "throughput" : 49.986392706490676,
    "receivedKBytesPerSec" : 45.05043336040618,
    "sentKBytesPerSec" : 10.169671256293373
  },
  "02- Post API" : {
    "transaction" : "02- Post API",
    "sampleCount" : 14798,
    "errorCount" : 2123,
    "errorPct" : 14.346534,
    "meanResTime" : 1.4835112853088166,
    "medianResTime" : 1.0,
    "minResTime" : 0.0,
    "maxResTime" : 51.0,
    "pct1ResTime" : 2.0,
    "pct2ResTime" : 3.0,
    "pct3ResTime" : 6.0,
    "throughput" : 49.99493226122504,
    "receivedKBytesPerSec" : 44.92220823021893,
    "sentKBytesPerSec" : 10.287410733893037
  },
  "01- Get API" : {
    "transaction" : "01- Get API",
    "sampleCount" : 14900,
    "errorCount" : 2172,
    "errorPct" : 14.577181,
    "meanResTime" : 1.4751006711409367,
    "medianResTime" : 1.0,
    "minResTime" : 0.0,
    "maxResTime" : 49.0,
    "pct1ResTime" : 2.0,
    "pct2ResTime" : 3.0,
    "pct3ResTime" : 7.0,
    "throughput" : 49.98406548248042,
    "receivedKBytesPerSec" : 33.51310771314513,
    "sentKBytesPerSec" : 5.003648165853167
  }
}