{
  "05- Delete API" : {
    "transaction" : "05- Delete API",
    "sampleCount" : 19421,
    "errorCount" : 398,
    "errorPct" : 2.049328,
    "meanResTime" : 242.75804541475887,
    "medianResTime" : 59.0,
    "minResTime" : 2.0,
    "maxResTime" : 6165.0,
    "pct1ResTime" : 589.7999999999993,
    "pct2ResTime" : 1431.6999999999935,
    "pct3ResTime" : 2400.459999999992,
    "throughput" : 78.72952813361441,
    "receivedKBytesPerSec" : 52.81951740995419,
    "sentKBytesPerSec" : 17.52962149850008
  },
  "04- Patch API" : {
    "transaction" : "04- Patch API",
    "sampleCount" : 19520,
    "errorCount" : 318,
    "errorPct" : 1.6290984,
    "meanResTime" : 238.08319672131248,
    "medianResTime" : 60.0,
    "minResTime" : 2.0,
    "maxResTime" : 7224.0,
    "pct1ResTime" : 632.9000000000015,
    "pct2ResTime" : 1416.0,
    "pct3ResTime" : 2258.0,
    "throughput" : 78.78019840340951,
    "receivedKBytesPerSec" : 52.776578227284105,
    "sentKBytesPerSec" : 17.38703597575249
  },
  "01_Get API" : {
    "transaction" : "01_Get API",
    "sampleCount" : 19830,
    "errorCount" : 422,
    "errorPct" : 2.1280887,
    "meanResTime" : 244.9991931417042,
    "medianResTime" : 59.0,
    "minResTime" : 2.0,
    "maxResTime" : 7380.0,
    "pct1ResTime" : 589.0,
    "pct2ResTime" : 1420.4500000000007,
    "pct3ResTime" : 2495.7599999999948,
    "throughput" : 79.04271814474822,
    "receivedKBytesPerSec" : 34.735569497203805,
    "sentKBytesPerSec" : 9.18562837814945
  },
  "Total" : {
    "transaction" : "Total",
    "sampleCount" : 98120,
    "errorCount" : 1851,
    "errorPct" : 1.8864655,
    "meanResTime" : 243.37811863024353,
    "medianResTime" : 47.0,
    "minResTime" : 2.0,
    "maxResTime" : 7380.0,
    "pct1ResTime" : 190.0,
    "pct2ResTime" : 251.0,
    "pct3ResTime" : 1184.9700000000048,
    "throughput" : 391.10799315999475,
    "receivedKBytesPerSec" : 243.64095596397834,
    "sentKBytesPerSec" : 77.75147439033869
  },
  "03- Put API" : {
    "transaction" : "03- Put API",
    "sampleCount" : 19626,
    "errorCount" : 317,
    "errorPct" : 1.6152043,
    "meanResTime" : 240.79221440945614,
    "medianResTime" : 60.0,
    "minResTime" : 2.0,
    "maxResTime" : 7351.0,
    "pct1ResTime" : 648.2999999999993,
    "pct2ResTime" : 1372.0,
    "pct3ResTime" : 2339.7299999999996,
    "throughput" : 78.88992953528661,
    "receivedKBytesPerSec" : 52.69600761927349,
    "sentKBytesPerSec" : 17.103090192220343
  },
  "02- Post API" : {
    "transaction" : "02- Post API",
    "sampleCount" : 19723,
    "errorCount" : 396,
    "errorPct" : 2.0078082,
    "meanResTime" : 250.17243827003998,
    "medianResTime" : 60.0,
    "minResTime" : 2.0,
    "maxResTime" : 7363.0,
    "pct1ResTime" : 627.0,
    "pct2ResTime" : 1431.0,
    "pct3ResTime" : 2518.8399999999856,
    "throughput" : 78.96401518184584,
    "receivedKBytesPerSec" : 52.822607812074615,
    "sentKBytesPerSec" : 17.27337832102878
  }
}