{
  "05- Delete API" : {
    "transaction" : "05- Delete API",
    "sampleCount" : 14500,
    "errorCount" : 2106,
    "errorPct" : 14.5241375,
    "meanResTime" : 0.9800689655172397,
    "medianResTime" : 1.0,
    "minResTime" : 0.0,
    "maxResTime" : 23.0,
    "pct1ResTime" : 2.0,
    "pct2ResTime" : 2.0,
    "pct3ResTime" : 3.0,
    "throughput" : 50.018800169718965,
    "receivedKBytesPerSec" : 45.14332137984621,
    "sentKBytesPerSec" : 10.437988437895623
  },
  "04- Patch API" : {
    "transaction" : "04- Patch API",
    "sampleCount" : 14595,
    "errorCount" : 1982,
    "errorPct" : 13.579993,
    "meanResTime" : 0.9997259335388801,
    "medianResTime" : 1.0,
    "minResTime" : 0.0,
    "maxResTime" : 24.0,
    "pct1ResTime" : 2.0,
    "pct2ResTime" : 2.0,
    "pct3ResTime" : 3.0,
    "throughput" : 50.01713502398903,
    "receivedKBytesPerSec" : 44.48302762487148,
    "sentKBytesPerSec" : 10.468509038725154
  },
  "Total" : {
    "transaction" : "Total",
    "sampleCount" : 73494,
    "errorCount" : 10129,
    "errorPct" : 13.782078,
    "meanResTime" : 1.0072658992570973,
    "medianResTime" : 1.0,
    "minResTime" : 0.0,
    "maxResTime" : 96.0,
    "pct1ResTime" : 2.0,
    "pct2ResTime" : 2.0,
    "pct3ResTime" : 3.0,
    "throughput" : 246.59106160246947,
    "receivedKBytesPerSec" : 208.11914206671082,
    "sentKBytesPerSec" : 45.90996463352234
  },
  "03- Put API" : {
    "transaction" : "03- Put API",
    "sampleCount" : 14697,
    "errorCount" : 2115,
    "errorPct" : 14.390692,
    "meanResTime" : 1.0003402054841106,
    "medianResTime" : 1.0,
    "minResTime" : 0.0,
    "maxResTime" : 24.0,
    "pct1ResTime" : 2.0,
    "pct2ResTime" : 2.0,
    "pct3ResTime" : 3.0,
    "throughput" : 50.01208021261174,
    "receivedKBytesPerSec" : 44.9246830379778,
    "sentKBytesPerSec" : 10.202010717360455
  },
  "02- Post API" : {
    "transaction" : "02- Post API",
    "sampleCount" : 14800,
    "errorCount" : 1929,
    "errorPct" : 13.033784,
    "meanResTime" : 1.014391891891889,
    "medianResTime" : 1.0,
    "minResTime" : 0.0,
    "maxResTime" : 21.0,
    "pct1ResTime" : 2.0,
    "pct2ResTime" : 2.0,
    "pct3ResTime" : 3.0,
    "throughput" : 50.01655953660333,
    "receivedKBytesPerSec" : 44.08306991736284,
    "sentKBytesPerSec" : 10.449596963268245
  },
  "01- Get API" : {
    "transaction" : "01- Get API",
    "sampleCount" : 14902,
    "errorCount" : 1997,
    "errorPct" : 13.400886,
    "meanResTime" : 1.0408669977184255,
    "medianResTime" : 1.0,
    "minResTime" : 0.0,
    "maxResTime" : 96.0,
    "pct1ResTime" : 2.0,
    "pct2ResTime" : 2.0,
    "pct3ResTime" : 3.0,
    "throughput" : 50.0,
    "receivedKBytesPerSec" : 32.59562081641726,
    "sentKBytesPerSec" : 5.074166848409609
  }
}