{
  "05- Delete API" : {
    "transaction" : "05- Delete API",
    "sampleCount" : 14500,
    "errorCount" : 2098,
    "errorPct" : 14.468966,
    "meanResTime" : 1.1719999999999913,
    "medianResTime" : 1.0,
    "minResTime" : 0.0,
    "maxResTime" : 34.0,
    "pct1ResTime" : 2.0,
    "pct2ResTime" : 2.0,
    "pct3ResTime" : 4.0,
    "throughput" : 50.005345398990926,
    "receivedKBytesPerSec" : 45.09515591537372,
    "sentKBytesPerSec" : 10.44191631260583
  },
  "04- Patch API" : {
    "transaction" : "04- Patch API",
    "sampleCount" : 14594,
    "errorCount" : 2264,
    "errorPct" : 15.513225,
    "meanResTime" : 1.1583527477045321,
    "medianResTime" : 1.0,
    "minResTime" : 0.0,
    "maxResTime" : 31.0,
    "pct1ResTime" : 2.0,
    "pct2ResTime" : 2.0,
    "pct3ResTime" : 4.0,
    "throughput" : 50.00531096560208,
    "receivedKBytesPerSec" : 45.73566537190465,
    "sentKBytesPerSec" : 10.231907167747705
  },
  "Total" : {
    "transaction" : "Total",
    "sampleCount" : 73490,
    "errorCount" : 10886,
    "errorPct" : 14.8129,
    "meanResTime" : 1.1647435025173438,
    "medianResTime" : 1.0,
    "minResTime" : 0.0,
    "maxResTime" : 53.0,
    "pct1ResTime" : 2.0,
    "pct2ResTime" : 3.0,
    "pct3ResTime" : 5.0,
    "throughput" : 246.5544775017781,
    "receivedKBytesPerSec" : 211.56569269638138,
    "sentKBytesPerSec" : 45.36192244722681
  },
  "03- Put API" : {
    "transaction" : "03- Put API",
    "sampleCount" : 14697,
    "errorCount" : 2233,
    "errorPct" : 15.193577,
    "meanResTime" : 1.1656800707627413,
    "medianResTime" : 1.0,
    "minResTime" : 0.0,
    "maxResTime" : 34.0,
    "pct1ResTime" : 2.0,
    "pct2ResTime" : 2.0,
    "pct3ResTime" : 4.0,
    "throughput" : 50.00408279916711,
    "receivedKBytesPerSec" : 45.44286715315771,
    "sentKBytesPerSec" : 10.104715292804746
  },
  "02- Post API" : {
    "transaction" : "02- Post API",
    "sampleCount" : 14798,
    "errorCount" : 2124,
    "errorPct" : 14.353291,
    "meanResTime" : 1.1692796323827572,
    "medianResTime" : 1.0,
    "minResTime" : 0.0,
    "maxResTime" : 28.0,
    "pct1ResTime" : 2.0,
    "pct2ResTime" : 2.0,
    "pct3ResTime" : 4.0,
    "throughput" : 50.00287217470932,
    "receivedKBytesPerSec" : 44.93376099873962,
    "sentKBytesPerSec" : 10.288232763572715
  },
  "01- Get API" : {
    "transaction" : "01- Get API",
    "sampleCount" : 14901,
    "errorCount" : 2167,
    "errorPct" : 14.542648,
    "meanResTime" : 1.1585128514864855,
    "medianResTime" : 1.0,
    "minResTime" : 0.0,
    "maxResTime" : 53.0,
    "pct1ResTime" : 2.0,
    "pct2ResTime" : 2.0,
    "pct3ResTime" : 4.0,
    "throughput" : 49.99194814606063,
    "receivedKBytesPerSec" : 33.491148491074185,
    "sentKBytesPerSec" : 5.006460354684166
  }
}