{
  "05- Delete API" : {
    "transaction" : "05- Delete API",
    "sampleCount" : 14500,
    "errorCount" : 2192,
    "errorPct" : 15.117241,
    "meanResTime" : 1.0175172413793039,
    "medianResTime" : 1.0,
    "minResTime" : 0.0,
    "maxResTime" : 24.0,
    "pct1ResTime" : 2.0,
    "pct2ResTime" : 2.0,
    "pct3ResTime" : 3.0,
    "throughput" : 50.01241687591402,
    "receivedKBytesPerSec" : 45.52485336876742,
    "sentKBytesPerSec" : 10.364238060828896
  },
  "04- Patch API" : {
    "transaction" : "04- Patch API",
    "sampleCount" : 14596,
    "errorCount" : 2109,
    "errorPct" : 14.449164,
    "meanResTime" : 1.025623458481772,
    "medianResTime" : 1.0,
    "minResTime" : 0.0,
    "maxResTime" : 25.0,
    "pct1ResTime" : 2.0,
    "pct2ResTime" : 2.0,
    "pct3ResTime" : 3.0,
    "throughput" : 50.011821100493066,
    "receivedKBytesPerSec" : 45.046282981298674,
    "sentKBytesPerSec" : 10.362120782522588
  },
  "Total" : {
    "transaction" : "Total",
    "sampleCount" : 73495,
    "errorCount" : 10671,
    "errorPct" : 14.519355,
    "meanResTime" : 1.0334036329001979,
    "medianResTime" : 1.0,
    "minResTime" : 0.0,
    "maxResTime" : 82.0,
    "pct1ResTime" : 2.0,
    "pct2ResTime" : 2.0,
    "pct3ResTime" : 3.0,
    "throughput" : 246.5985538611237,
    "receivedKBytesPerSec" : 210.60788005183954,
    "sentKBytesPerSec" : 45.52168919967453
  },
  "03- Put API" : {
    "transaction" : "03- Put API",
    "sampleCount" : 14698,
    "errorCount" : 2283,
    "errorPct" : 15.532725,
    "meanResTime" : 1.014968022860255,
    "medianResTime" : 1.0,
    "minResTime" : 0.0,
    "maxResTime" : 24.0,
    "pct1ResTime" : 2.0,
    "pct2ResTime" : 2.0,
    "pct3ResTime" : 3.0,
    "throughput" : 50.01054787715466,
    "receivedKBytesPerSec" : 45.670693201808106,
    "sentKBytesPerSec" : 10.065606838937317
  },
  "02- Post API" : {
    "transaction" : "02- Post API",
    "sampleCount" : 14800,
    "errorCount" : 1975,
    "errorPct" : 13.344595,
    "meanResTime" : 1.0491216216216253,
    "medianResTime" : 1.0,
    "minResTime" : 0.0,
    "maxResTime" : 24.0,
    "pct1ResTime" : 2.0,
    "pct2ResTime" : 2.0,
    "pct3ResTime" : 3.0,
    "throughput" : 50.01064415737133,
    "receivedKBytesPerSec" : 44.2811103218337,
    "sentKBytesPerSec" : 10.411019437836432
  },
  "01- Get API" : {
    "transaction" : "01- Get API",
    "sampleCount" : 14901,
    "errorCount" : 2112,
    "errorPct" : 14.173546,
    "meanResTime" : 1.0590564391651582,
    "medianResTime" : 1.0,
    "minResTime" : 0.0,
    "maxResTime" : 82.0,
    "pct1ResTime" : 2.0,
    "pct2ResTime" : 2.0,
    "pct3ResTime" : 3.0,
    "throughput" : 49.99748351703659,
    "receivedKBytesPerSec" : 33.20362633059037,
    "sentKBytesPerSec" : 5.028640721727314
  }
}