{
  "05- Delete API" : {
    "transaction" : "05- Delete API",
    "sampleCount" : 14500,
    "errorCount" : 2092,
    "errorPct" : 14.427587,
    "meanResTime" : 0.9739999999999976,
    "medianResTime" : 1.0,
    "minResTime" : 0.0,
    "maxResTime" : 26.0,
    "pct1ResTime" : 2.0,
    "pct2ResTime" : 2.0,
    "pct3ResTime" : 2.9899999999997817,
    "throughput" : 50.018800169718965,
    "receivedKBytesPerSec" : 45.080265621388726,
    "sentKBytesPerSec" : 10.449778968646836
  },
  "04- Patch API" : {
    "transaction" : "04- Patch API",
    "sampleCount" : 14596,
    "errorCount" : 2050,
    "errorPct" : 14.044944,
    "meanResTime" : 0.9852014250479548,
    "medianResTime" : 1.0,
    "minResTime" : 0.0,
    "maxResTime" : 21.0,
    "pct1ResTime" : 2.0,
    "pct2ResTime" : 2.0,
    "pct3ResTime" : 2.0,
    "throughput" : 50.01781944787126,
    "receivedKBytesPerSec" : 44.78750629677605,
    "sentKBytesPerSec" : 10.412329601529732
  },
  "Total" : {
    "transaction" : "Total",
    "sampleCount" : 73496,
    "errorCount" : 10177,
    "errorPct" : 13.8470125,
    "meanResTime" : 0.9950745618809185,
    "medianResTime" : 1.0,
    "minResTime" : 0.0,
    "maxResTime" : 99.0,
    "pct1ResTime" : 2.0,
    "pct2ResTime" : 2.0,
    "pct3ResTime" : 3.0,
    "throughput" : 246.60190917174157,
    "receivedKBytesPerSec" : 208.2798253036556,
    "sentKBytesPerSec" : 45.847056029493174
  },
  "03- Put API" : {
    "transaction" : "03- Put API",
    "sampleCount" : 14698,
    "errorCount" : 2128,
    "errorPct" : 14.47816,
    "meanResTime" : 1.0071438290923922,
    "medianResTime" : 1.0,
    "minResTime" : 0.0,
    "maxResTime" : 26.0,
    "pct1ResTime" : 2.0,
    "pct2ResTime" : 2.0,
    "pct3ResTime" : 3.0,
    "throughput" : 50.017525531125685,
    "receivedKBytesPerSec" : 44.98682474596487,
    "sentKBytesPerSec" : 10.192696830431126
  },
  "02- Post API" : {
    "transaction" : "02- Post API",
    "sampleCount" : 14800,
    "errorCount" : 1974,
    "errorPct" : 13.337838,
    "meanResTime" : 0.9949324324324317,
    "medianResTime" : 1.0,
    "minResTime" : 0.0,
    "maxResTime" : 26.0,
    "pct1ResTime" : 2.0,
    "pct2ResTime" : 2.0,
    "pct3ResTime" : 3.0,
    "throughput" : 50.01672856800078,
    "receivedKBytesPerSec" : 44.282078560481374,
    "sentKBytesPerSec" : 10.413097940696382
  },
  "01- Get API" : {
    "transaction" : "01- Get API",
    "sampleCount" : 14902,
    "errorCount" : 1933,
    "errorPct" : 12.971414,
    "meanResTime" : 1.01348812239968,
    "medianResTime" : 1.0,
    "minResTime" : 0.0,
    "maxResTime" : 99.0,
    "pct1ResTime" : 2.0,
    "pct2ResTime" : 2.0,
    "pct3ResTime" : 3.0,
    "throughput" : 50.00083882765447,
    "receivedKBytesPerSec" : 32.25728128617444,
    "sentKBytesPerSec" : 5.099416805073229
  }
}