{
  "05- Delete API" : {
    "transaction" : "05- Delete API",
    "sampleCount" : 14500,
    "errorCount" : 2184,
    "errorPct" : 15.062069,
    "meanResTime" : 1.017724137931043,
    "medianResTime" : 1.0,
    "minResTime" : 0.0,
    "maxResTime" : 28.0,
    "pct1ResTime" : 2.0,
    "pct2ResTime" : 2.0,
    "pct3ResTime" : 3.0,
    "throughput" : 50.01534953830658,
    "receivedKBytesPerSec" : 45.49149351007723,
    "sentKBytesPerSec" : 10.371582787476157
  },
  "04- Patch API" : {
    "transaction" : "04- Patch API",
    "sampleCount" : 14596,
    "errorCount" : 2074,
    "errorPct" : 14.2093725,
    "meanResTime" : 1.0337763770896229,
    "medianResTime" : 1.0,
    "minResTime" : 0.0,
    "maxResTime" : 25.0,
    "pct1ResTime" : 2.0,
    "pct2ResTime" : 2.0,
    "pct3ResTime" : 3.0,
    "throughput" : 50.0119924618811,
    "receivedKBytesPerSec" : 44.889738949802975,
    "sentKBytesPerSec" : 10.39120053109474
  },
  "Total" : {
    "transaction" : "Total",
    "sampleCount" : 73495,
    "errorCount" : 10561,
    "errorPct" : 14.369685,
    "meanResTime" : 1.038968637322257,
    "medianResTime" : 1.0,
    "minResTime" : 0.0,
    "maxResTime" : 87.0,
    "pct1ResTime" : 2.0,
    "pct2ResTime" : 2.0,
    "pct3ResTime" : 3.0,
    "throughput" : 246.57538842459482,
    "receivedKBytesPerSec" : 210.05911043240022,
    "sentKBytesPerSec" : 45.58476836272869
  },
  "03- Put API" : {
    "transaction" : "03- Put API",
    "sampleCount" : 14698,
    "errorCount" : 2194,
    "errorPct" : 14.927201,
    "meanResTime" : 1.0211593414069837,
    "medianResTime" : 1.0,
    "minResTime" : 0.0,
    "maxResTime" : 27.0,
    "pct1ResTime" : 2.0,
    "pct2ResTime" : 2.0,
    "pct3ResTime" : 3.0,
    "throughput" : 50.012930271807924,
    "receivedKBytesPerSec" : 45.276573569418545,
    "sentKBytesPerSec" : 10.138247573872684
  },
  "02- Post API" : {
    "transaction" : "02- Post API",
    "sampleCount" : 14800,
    "errorCount" : 2048,
    "errorPct" : 13.837838,
    "meanResTime" : 1.0520945945946012,
    "medianResTime" : 1.0,
    "minResTime" : 0.0,
    "maxResTime" : 27.0,
    "pct1ResTime" : 2.0,
    "pct2ResTime" : 2.0,
    "pct3ResTime" : 3.0,
    "throughput" : 50.01368617763645,
    "receivedKBytesPerSec" : 44.60637877256952,
    "sentKBytesPerSec" : 10.35238950523623
  },
  "01- Get API" : {
    "transaction" : "01- Get API",
    "sampleCount" : 14901,
    "errorCount" : 2061,
    "errorPct" : 13.831286,
    "meanResTime" : 1.0692570968391375,
    "medianResTime" : 1.0,
    "minResTime" : 0.0,
    "maxResTime" : 87.0,
    "pct1ResTime" : 2.0,
    "pct2ResTime" : 2.0,
    "pct3ResTime" : 3.0,
    "throughput" : 49.99278675984607,
    "receivedKBytesPerSec" : 32.93048247664923,
    "sentKBytesPerSec" : 5.048219671680148
  }
}