{
  "05- Delete API" : {
    "transaction" : "05- Delete API",
    "sampleCount" : 14500,
    "errorCount" : 2326,
    "errorPct" : 16.04138,
    "meanResTime" : 1.046137931034481,
    "medianResTime" : 1.0,
    "minResTime" : 0.0,
    "maxResTime" : 31.0,
    "pct1ResTime" : 2.0,
    "pct2ResTime" : 2.0,
    "pct3ResTime" : 4.0,
    "throughput" : 50.01793746722963,
    "receivedKBytesPerSec" : 46.133401881623065,
    "sentKBytesPerSec" : 10.25253183469244
  },
  "04- Patch API" : {
    "transaction" : "04- Patch API",
    "sampleCount" : 14595,
    "errorCount" : 2233,
    "errorPct" : 15.29976,
    "meanResTime" : 1.0622130866735238,
    "medianResTime" : 1.0,
    "minResTime" : 0.0,
    "maxResTime" : 32.0,
    "pct1ResTime" : 2.0,
    "pct2ResTime" : 2.0,
    "pct3ResTime" : 4.0,
    "throughput" : 50.015592390913234,
    "receivedKBytesPerSec" : 45.60556479687912,
    "sentKBytesPerSec" : 10.259868184326049
  },
  "Total" : {
    "transaction" : "Total",
    "sampleCount" : 73495,
    "errorCount" : 11227,
    "errorPct" : 15.275869,
    "meanResTime" : 1.0661541601469484,
    "medianResTime" : 1.0,
    "minResTime" : 0.0,
    "maxResTime" : 82.0,
    "pct1ResTime" : 2.0,
    "pct2ResTime" : 2.0,
    "pct3ResTime" : 4.0,
    "throughput" : 246.60269100426132,
    "receivedKBytesPerSec" : 213.14588191625006,
    "sentKBytesPerSec" : 45.115614671761236
  },
  "03- Put API" : {
    "transaction" : "03- Put API",
    "sampleCount" : 14698,
    "errorCount" : 2306,
    "errorPct" : 15.689209,
    "meanResTime" : 1.0564022315961323,
    "medianResTime" : 1.0,
    "minResTime" : 0.0,
    "maxResTime" : 27.0,
    "pct1ResTime" : 2.0,
    "pct2ResTime" : 2.0,
    "pct3ResTime" : 4.0,
    "throughput" : 50.014972505036205,
    "receivedKBytesPerSec" : 45.777151436254556,
    "sentKBytesPerSec" : 10.047848212827352
  },
  "02- Post API" : {
    "transaction" : "02- Post API",
    "sampleCount" : 14800,
    "errorCount" : 2143,
    "errorPct" : 14.47973,
    "meanResTime" : 1.0652702702702663,
    "medianResTime" : 1.0,
    "minResTime" : 0.0,
    "maxResTime" : 33.0,
    "pct1ResTime" : 2.0,
    "pct2ResTime" : 2.0,
    "pct3ResTime" : 4.0,
    "throughput" : 50.015038305436434,
    "receivedKBytesPerSec" : 45.027385371995294,
    "sentKBytesPerSec" : 10.275543945223395
  },
  "01- Get API" : {
    "transaction" : "01- Get API",
    "sampleCount" : 14902,
    "errorCount" : 2219,
    "errorPct" : 14.890618,
    "meanResTime" : 1.0999865789826835,
    "medianResTime" : 1.0,
    "minResTime" : 0.0,
    "maxResTime" : 82.0,
    "pct1ResTime" : 2.0,
    "pct2ResTime" : 2.0,
    "pct3ResTime" : 4.0,
    "throughput" : 50.00167768345468,
    "receivedKBytesPerSec" : 33.772246344747174,
    "sentKBytesPerSec" : 4.9870451380733485
  }
}