{
  "05- Delete API" : {
    "transaction" : "05- Delete API",
    "sampleCount" : 14500,
    "errorCount" : 14500,
    "errorPct" : 100.0,
    "meanResTime" : 0.19324137931034477,
    "medianResTime" : 0.0,
    "minResTime" : 0.0,
    "maxResTime" : 6.0,
    "pct1ResTime" : 1.0,
    "pct2ResTime" : 1.0,
    "pct3ResTime" : 1.0,
    "throughput" : 50.03364331188213,
    "receivedKBytesPerSec" : 126.01246689584376,
    "sentKBytesPerSec" : 0.0
  },
  "04- Patch API" : {
    "transaction" : "04- Patch API",
    "sampleCount" : 14601,
    "errorCount" : 14601,
    "errorPct" : 100.0,
    "meanResTime" : 0.1995068830901998,
    "medianResTime" : 0.0,
    "minResTime" : 0.0,
    "maxResTime" : 7.0,
    "pct1ResTime" : 1.0,
    "pct2ResTime" : 1.0,
    "pct3ResTime" : 1.0,
    "throughput" : 50.030153095489375,
    "receivedKBytesPerSec" : 126.0036765949874,
    "sentKBytesPerSec" : 0.0
  },
  "Total" : {
    "transaction" : "Total",
    "sampleCount" : 73517,
    "errorCount" : 73517,
    "errorPct" : 100.0,
    "meanResTime" : 0.20543547750860217,
    "medianResTime" : 0.0,
    "minResTime" : 0.0,
    "maxResTime" : 82.0,
    "pct1ResTime" : 1.0,
    "pct2ResTime" : 1.0,
    "pct3ResTime" : 1.0,
    "throughput" : 246.66823245201985,
    "receivedKBytesPerSec" : 621.2474330993742,
    "sentKBytesPerSec" : 0.0
  },
  "03- Put API" : {
    "transaction" : "03- Put API",
    "sampleCount" : 14704,
    "errorCount" : 14704,
    "errorPct" : 100.0,
    "meanResTime" : 0.19178454842219872,
    "medianResTime" : 0.0,
    "minResTime" : 0.0,
    "maxResTime" : 7.0,
    "pct1ResTime" : 1.0,
    "pct2ResTime" : 1.0,
    "pct3ResTime" : 1.0,
    "throughput" : 50.03317624240775,
    "receivedKBytesPerSec" : 126.01129055582966,
    "sentKBytesPerSec" : 0.0
  },
  "02- Post API" : {
    "transaction" : "02- Post API",
    "sampleCount" : 14805,
    "errorCount" : 14805,
    "errorPct" : 100.0,
    "meanResTime" : 0.20000000000000026,
    "medianResTime" : 0.0,
    "minResTime" : 0.0,
    "maxResTime" : 7.0,
    "pct1ResTime" : 1.0,
    "pct2ResTime" : 1.0,
    "pct3ResTime" : 1.0,
    "throughput" : 50.03108990389164,
    "receivedKBytesPerSec" : 126.00603599818022,
    "sentKBytesPerSec" : 0.0
  },
  "01- Get API" : {
    "transaction" : "01- Get API",
    "sampleCount" : 14907,
    "errorCount" : 14907,
    "errorPct" : 100.0,
    "meanResTime" : 0.24196686120614316,
    "medianResTime" : 0.0,
    "minResTime" : 0.0,
    "maxResTime" : 82.0,
    "pct1ResTime" : 1.0,
    "pct2ResTime" : 1.0,
    "pct3ResTime" : 1.0,
    "throughput" : 50.01677627164139,
    "receivedKBytesPerSec" : 125.96998633258119,
    "sentKBytesPerSec" : 0.0
  }
}