{
  "05- Delete API" : {
    "transaction" : "05- Delete API",
    "sampleCount" : 14500,
    "errorCount" : 2162,
    "errorPct" : 14.910345,
    "meanResTime" : 1.1198620689655225,
    "medianResTime" : 1.0,
    "minResTime" : 0.0,
    "maxResTime" : 28.0,
    "pct1ResTime" : 2.0,
    "pct2ResTime" : 2.0,
    "pct3ResTime" : 3.0,
    "throughput" : 50.00448316055922,
    "receivedKBytesPerSec" : 45.38255073084139,
    "sentKBytesPerSec" : 10.387852122086809
  },
  "04- Patch API" : {
    "transaction" : "04- Patch API",
    "sampleCount" : 14595,
    "errorCount" : 2205,
    "errorPct" : 15.107914,
    "meanResTime" : 1.1227817745803337,
    "medianResTime" : 1.0,
    "minResTime" : 0.0,
    "maxResTime" : 28.0,
    "pct1ResTime" : 2.0,
    "pct2ResTime" : 2.0,
    "pct3ResTime" : 4.0,
    "throughput" : 50.00462529935965,
    "receivedKBytesPerSec" : 45.4702158826356,
    "sentKBytesPerSec" : 10.280852031534264
  },
  "Total" : {
    "transaction" : "Total",
    "sampleCount" : 73490,
    "errorCount" : 10747,
    "errorPct" : 14.623758,
    "meanResTime" : 1.1271601578446073,
    "medianResTime" : 1.0,
    "minResTime" : 0.0,
    "maxResTime" : 60.0,
    "pct1ResTime" : 2.0,
    "pct2ResTime" : 2.0,
    "pct3ResTime" : 3.0,
    "throughput" : 246.5718494063017,
    "receivedKBytesPerSec" : 210.94149410055292,
    "sentKBytesPerSec" : 45.46348683051666
  },
  "03- Put API" : {
    "transaction" : "03- Put API",
    "sampleCount" : 14696,
    "errorCount" : 2230,
    "errorPct" : 15.174197,
    "meanResTime" : 1.1246597713663637,
    "medianResTime" : 1.0,
    "minResTime" : 0.0,
    "maxResTime" : 26.0,
    "pct1ResTime" : 2.0,
    "pct2ResTime" : 2.0,
    "pct3ResTime" : 4.0,
    "throughput" : 50.00340251786322,
    "receivedKBytesPerSec" : 45.429567880231374,
    "sentKBytesPerSec" : 10.106886908812521
  },
  "02- Post API" : {
    "transaction" : "02- Post API",
    "sampleCount" : 14799,
    "errorCount" : 2016,
    "errorPct" : 13.622542,
    "meanResTime" : 1.1381174403675915,
    "medianResTime" : 1.0,
    "minResTime" : 0.0,
    "maxResTime" : 30.0,
    "pct1ResTime" : 2.0,
    "pct2ResTime" : 2.0,
    "pct3ResTime" : 3.0,
    "throughput" : 50.004561535108614,
    "receivedKBytesPerSec" : 44.4574655857518,
    "sentKBytesPerSec" : 10.37636386732015
  },
  "01- Get API" : {
    "transaction" : "01- Get API",
    "sampleCount" : 14900,
    "errorCount" : 2134,
    "errorPct" : 14.322147,
    "meanResTime" : 1.1301342281879236,
    "medianResTime" : 1.0,
    "minResTime" : 0.0,
    "maxResTime" : 60.0,
    "pct1ResTime" : 2.0,
    "pct2ResTime" : 2.0,
    "pct3ResTime" : 4.0,
    "throughput" : 49.99211533751388,
    "receivedKBytesPerSec" : 33.31729926404225,
    "sentKBytesPerSec" : 5.019395011525027
  }
}