{
  "05- Delete API" : {
    "transaction" : "05- Delete API",
    "sampleCount" : 14500,
    "errorCount" : 1969,
    "errorPct" : 13.57931,
    "meanResTime" : 0.9975862068965492,
    "medianResTime" : 1.0,
    "minResTime" : 0.0,
    "maxResTime" : 20.0,
    "pct1ResTime" : 2.0,
    "pct2ResTime" : 2.0,
    "pct3ResTime" : 3.0,
    "throughput" : 50.01103691849236,
    "receivedKBytesPerSec" : 44.51936496869137,
    "sentKBytesPerSec" : 10.551729250162106
  },
  "04- Patch API" : {
    "transaction" : "04- Patch API",
    "sampleCount" : 14594,
    "errorCount" : 2035,
    "errorPct" : 13.944087,
    "meanResTime" : 0.9954775935315894,
    "medianResTime" : 1.0,
    "minResTime" : 0.0,
    "maxResTime" : 23.0,
    "pct1ResTime" : 2.0,
    "pct2ResTime" : 2.0,
    "pct3ResTime" : 3.0,
    "throughput" : 50.01079443623915,
    "receivedKBytesPerSec" : 44.715309594711755,
    "sentKBytesPerSec" : 10.423083002361068
  },
  "Total" : {
    "transaction" : "Total",
    "sampleCount" : 73489,
    "errorCount" : 9888,
    "errorPct" : 13.455075,
    "meanResTime" : 1.00797398250078,
    "medianResTime" : 1.0,
    "minResTime" : 0.0,
    "maxResTime" : 85.0,
    "pct1ResTime" : 2.0,
    "pct2ResTime" : 2.0,
    "pct3ResTime" : 3.0,
    "throughput" : 246.58090406399313,
    "receivedKBytesPerSec" : 207.00162860028453,
    "sentKBytesPerSec" : 46.07800740566449
  },
  "03- Put API" : {
    "transaction" : "03- Put API",
    "sampleCount" : 14697,
    "errorCount" : 2101,
    "errorPct" : 14.295434,
    "meanResTime" : 0.9922433149622358,
    "medianResTime" : 1.0,
    "minResTime" : 0.0,
    "maxResTime" : 22.0,
    "pct1ResTime" : 2.0,
    "pct2ResTime" : 2.0,
    "pct3ResTime" : 3.0,
    "throughput" : 50.00714533613702,
    "receivedKBytesPerSec" : 44.85791453901523,
    "sentKBytesPerSec" : 10.212354711498547
  },
  "02- Post API" : {
    "transaction" : "02- Post API",
    "sampleCount" : 14799,
    "errorCount" : 1849,
    "errorPct" : 12.494087,
    "meanResTime" : 1.0310831812960348,
    "medianResTime" : 1.0,
    "minResTime" : 0.0,
    "maxResTime" : 24.0,
    "pct1ResTime" : 2.0,
    "pct2ResTime" : 2.0,
    "pct3ResTime" : 3.0,
    "throughput" : 50.008278956919014,
    "receivedKBytesPerSec" : 43.72285513240418,
    "sentKBytesPerSec" : 10.512704502907773
  },
  "01- Get API" : {
    "transaction" : "01- Get API",
    "sampleCount" : 14899,
    "errorCount" : 1934,
    "errorPct" : 12.980737,
    "meanResTime" : 1.0228874421102108,
    "medianResTime" : 1.0,
    "minResTime" : 0.0,
    "maxResTime" : 85.0,
    "pct1ResTime" : 2.0,
    "pct2ResTime" : 2.0,
    "pct3ResTime" : 3.0,
    "throughput" : 49.99345679302326,
    "receivedKBytesPerSec" : 32.25987492093625,
    "sentKBytesPerSec" : 5.098117695516057
  }
}