{
  "05- Delete API" : {
    "transaction" : "05- Delete API",
    "sampleCount" : 14500,
    "errorCount" : 2327,
    "errorPct" : 16.048275,
    "meanResTime" : 1.208551724137932,
    "medianResTime" : 1.0,
    "minResTime" : 0.0,
    "maxResTime" : 31.0,
    "pct1ResTime" : 2.0,
    "pct2ResTime" : 2.0,
    "pct3ResTime" : 4.0,
    "throughput" : 50.00241390963701,
    "receivedKBytesPerSec" : 46.123586434991694,
    "sentKBytesPerSec" : 10.248507955987531
  },
  "04- Patch API" : {
    "transaction" : "04- Patch API",
    "sampleCount" : 14594,
    "errorCount" : 2241,
    "errorPct" : 15.355625,
    "meanResTime" : 1.222625736604099,
    "medianResTime" : 1.0,
    "minResTime" : 0.0,
    "maxResTime" : 31.0,
    "pct1ResTime" : 2.0,
    "pct2ResTime" : 3.0,
    "pct3ResTime" : 4.0,
    "throughput" : 50.00017130386222,
    "receivedKBytesPerSec" : 45.62800156486078,
    "sentKBytesPerSec" : 10.249939829518395
  },
  "Total" : {
    "transaction" : "Total",
    "sampleCount" : 73487,
    "errorCount" : 11263,
    "errorPct" : 15.32652,
    "meanResTime" : 1.2286390790207786,
    "medianResTime" : 1.0,
    "minResTime" : 0.0,
    "maxResTime" : 66.0,
    "pct1ResTime" : 2.0,
    "pct2ResTime" : 3.0,
    "pct3ResTime" : 5.0,
    "throughput" : 246.53117913071483,
    "receivedKBytesPerSec" : 213.21331088719958,
    "sentKBytesPerSec" : 45.05685818636693
  },
  "03- Put API" : {
    "transaction" : "03- Put API",
    "sampleCount" : 14695,
    "errorCount" : 2274,
    "errorPct" : 15.474651,
    "meanResTime" : 1.2288533514800928,
    "medianResTime" : 1.0,
    "minResTime" : 0.0,
    "maxResTime" : 31.0,
    "pct1ResTime" : 2.0,
    "pct2ResTime" : 3.0,
    "pct3ResTime" : 4.0,
    "throughput" : 50.000510382889246,
    "receivedKBytesPerSec" : 45.623528528914896,
    "sentKBytesPerSec" : 10.070505674607091
  },
  "02- Post API" : {
    "transaction" : "02- Post API",
    "sampleCount" : 14797,
    "errorCount" : 2239,
    "errorPct" : 15.131446,
    "meanResTime" : 1.2407244711765866,
    "medianResTime" : 1.0,
    "minResTime" : 0.0,
    "maxResTime" : 32.0,
    "pct1ResTime" : 2.0,
    "pct2ResTime" : 2.0,
    "pct3ResTime" : 4.0,
    "throughput" : 49.99273606930127,
    "receivedKBytesPerSec" : 45.43334269303473,
    "sentKBytesPerSec" : 10.192691070939885
  },
  "01- Get API" : {
    "transaction" : "01- Get API",
    "sampleCount" : 14901,
    "errorCount" : 2182,
    "errorPct" : 14.643312,
    "meanResTime" : 1.2418629622173005,
    "medianResTime" : 1.0,
    "minResTime" : 0.0,
    "maxResTime" : 66.0,
    "pct1ResTime" : 2.0,
    "pct2ResTime" : 3.0,
    "pct3ResTime" : 4.0,
    "throughput" : 49.989264771004144,
    "receivedKBytesPerSec" : 33.5687642524842,
    "sentKBytesPerSec" : 5.000294589780062
  }
}