{
  "05- Delete API" : {
    "transaction" : "05- Delete API",
    "sampleCount" : 7134,
    "errorCount" : 0,
    "errorPct" : 0.0,
    "meanResTime" : 11.774039809363622,
    "medianResTime" : 7.0,
    "minResTime" : 2.0,
    "maxResTime" : 383.0,
    "pct1ResTime" : 16.0,
    "pct2ResTime" : 31.0,
    "pct3ResTime" : 115.64999999999964,
    "throughput" : 29.121695540714857,
    "receivedKBytesPerSec" : 19.537700035616314,
    "sentKBytesPerSec" : 6.4841275227372925
  },
  "04- Patch API" : {
    "transaction" : "04- Patch API",
    "sampleCount" : 7164,
    "errorCount" : 0,
    "errorPct" : 0.0,
    "meanResTime" : 11.713707426018981,
    "medianResTime" : 7.0,
    "minResTime" : 2.0,
    "maxResTime" : 374.0,
    "pct1ResTime" : 15.5,
    "pct2ResTime" : 28.0,
    "pct3ResTime" : 121.0,
    "throughput" : 29.125858346851405,
    "receivedKBytesPerSec" : 19.512049634707093,
    "sentKBytesPerSec" : 6.428167955457439
  },
  "01_Get API" : {
    "transaction" : "01_Get API",
    "sampleCount" : 7255,
    "errorCount" : 0,
    "errorPct" : 0.0,
    "meanResTime" : 11.766781529979365,
    "medianResTime" : 7.0,
    "minResTime" : 2.0,
    "maxResTime" : 383.0,
    "pct1ResTime" : 16.0,
    "pct2ResTime" : 30.199999999999818,
    "pct3ResTime" : 126.4399999999996,
    "throughput" : 29.137482328749517,
    "receivedKBytesPerSec" : 12.804557664001253,
    "sentKBytesPerSec" : 3.386094137813665
  },
  "Total" : {
    "transaction" : "Total",
    "sampleCount" : 35970,
    "errorCount" : 0,
    "errorPct" : 0.0,
    "meanResTime" : 11.779065888240268,
    "medianResTime" : 7.0,
    "minResTime" : 2.0,
    "maxResTime" : 383.0,
    "pct1ResTime" : 19.0,
    "pct2ResTime" : 48.0,
    "pct3ResTime" : 138.0,
    "throughput" : 144.43114926559753,
    "receivedKBytesPerSec" : 89.98699976610747,
    "sentKBytesPerSec" : 28.718899915828803
  },
  "03- Put API" : {
    "transaction" : "03- Put API",
    "sampleCount" : 7193,
    "errorCount" : 0,
    "errorPct" : 0.0,
    "meanResTime" : 11.733629917975835,
    "medianResTime" : 7.0,
    "minResTime" : 2.0,
    "maxResTime" : 332.0,
    "pct1ResTime" : 16.0,
    "pct2ResTime" : 31.0,
    "pct3ResTime" : 124.0,
    "throughput" : 29.12688192942815,
    "receivedKBytesPerSec" : 19.45584691379771,
    "sentKBytesPerSec" : 6.314616980793994
  },
  "02- Post API" : {
    "transaction" : "02- Post API",
    "sampleCount" : 7224,
    "errorCount" : 0,
    "errorPct" : 0.0,
    "meanResTime" : 11.906423034330036,
    "medianResTime" : 7.0,
    "minResTime" : 2.0,
    "maxResTime" : 343.0,
    "pct1ResTime" : 16.0,
    "pct2ResTime" : 33.0,
    "pct3ResTime" : 126.75,
    "throughput" : 29.141487894019217,
    "receivedKBytesPerSec" : 19.494061725979652,
    "sentKBytesPerSec" : 6.374700476816704
  }
}