{
  "05- Delete API" : {
    "transaction" : "05- Delete API",
    "sampleCount" : 14500,
    "errorCount" : 2193,
    "errorPct" : 15.124138,
    "meanResTime" : 1.135793103448274,
    "medianResTime" : 1.0,
    "minResTime" : 0.0,
    "maxResTime" : 27.0,
    "pct1ResTime" : 2.0,
    "pct2ResTime" : 2.0,
    "pct3ResTime" : 4.0,
    "throughput" : 50.00310364091564,
    "receivedKBytesPerSec" : 45.520878370252284,
    "sentKBytesPerSec" : 10.361466131949568
  },
  "04- Patch API" : {
    "transaction" : "04- Patch API",
    "sampleCount" : 14593,
    "errorCount" : 2191,
    "errorPct" : 15.014048,
    "meanResTime" : 1.139244843418072,
    "medianResTime" : 1.0,
    "minResTime" : 0.0,
    "maxResTime" : 33.0,
    "pct1ResTime" : 2.0,
    "pct2ResTime" : 2.0,
    "pct3ResTime" : 4.0,
    "throughput" : 50.003940555858236,
    "receivedKBytesPerSec" : 45.408263939930514,
    "sentKBytesPerSec" : 10.292078711746626
  },
  "Total" : {
    "transaction" : "Total",
    "sampleCount" : 73487,
    "errorCount" : 10951,
    "errorPct" : 14.901956,
    "meanResTime" : 1.1444609250615727,
    "medianResTime" : 1.0,
    "minResTime" : 0.0,
    "maxResTime" : 59.0,
    "pct1ResTime" : 2.0,
    "pct2ResTime" : 3.0,
    "pct3ResTime" : 4.0,
    "throughput" : 246.55599320928422,
    "receivedKBytesPerSec" : 211.83604339524047,
    "sentKBytesPerSec" : 45.30069294280567
  },
  "03- Put API" : {
    "transaction" : "03- Put API",
    "sampleCount" : 14696,
    "errorCount" : 2242,
    "errorPct" : 15.255852,
    "meanResTime" : 1.1448013064779488,
    "medianResTime" : 1.0,
    "minResTime" : 0.0,
    "maxResTime" : 28.0,
    "pct1ResTime" : 2.0,
    "pct2ResTime" : 2.0,
    "pct3ResTime" : 4.0,
    "throughput" : 50.00357265591241,
    "receivedKBytesPerSec" : 45.48315280079211,
    "sentKBytesPerSec" : 10.097192190174175
  },
  "02- Post API" : {
    "transaction" : "02- Post API",
    "sampleCount" : 14798,
    "errorCount" : 2178,
    "errorPct" : 14.718205,
    "meanResTime" : 1.1594810109474236,
    "medianResTime" : 1.0,
    "minResTime" : 0.0,
    "maxResTime" : 26.0,
    "pct1ResTime" : 2.0,
    "pct2ResTime" : 2.0,
    "pct3ResTime" : 4.0,
    "throughput" : 50.001013671043474,
    "receivedKBytesPerSec" : 45.17067976568994,
    "sentKBytesPerSec" : 10.244017017847368
  },
  "01- Get API" : {
    "transaction" : "01- Get API",
    "sampleCount" : 14900,
    "errorCount" : 2147,
    "errorPct" : 14.409396,
    "meanResTime" : 1.1427516778523474,
    "medianResTime" : 1.0,
    "minResTime" : 0.0,
    "maxResTime" : 59.0,
    "pct1ResTime" : 2.0,
    "pct2ResTime" : 2.0,
    "pct3ResTime" : 4.0,
    "throughput" : 49.990941238835916,
    "receivedKBytesPerSec" : 33.385348691009014,
    "sentKBytesPerSec" : 5.014165847463882
  }
}