{
  "05- Delete API" : {
    "transaction" : "05- Delete API",
    "sampleCount" : 14500,
    "errorCount" : 2167,
    "errorPct" : 14.944828,
    "meanResTime" : 1.0809655172413741,
    "medianResTime" : 1.0,
    "minResTime" : 0.0,
    "maxResTime" : 27.0,
    "pct1ResTime" : 2.0,
    "pct2ResTime" : 2.0,
    "pct3ResTime" : 3.0,
    "throughput" : 50.0528143489337,
    "receivedKBytesPerSec" : 45.44894987793154,
    "sentKBytesPerSec" : 10.39367859922884
  },
  "04- Patch API" : {
    "transaction" : "04- Patch API",
    "sampleCount" : 14594,
    "errorCount" : 2077,
    "errorPct" : 14.231876,
    "meanResTime" : 1.0976428669316112,
    "medianResTime" : 1.0,
    "minResTime" : 0.0,
    "maxResTime" : 29.0,
    "pct1ResTime" : 2.0,
    "pct2ResTime" : 2.0,
    "pct3ResTime" : 3.0,
    "throughput" : 50.05075724319578,
    "receivedKBytesPerSec" : 44.93925046041621,
    "sentKBytesPerSec" : 10.396527029946773
  },
  "Total" : {
    "transaction" : "Total",
    "sampleCount" : 73492,
    "errorCount" : 10512,
    "errorPct" : 14.303597,
    "meanResTime" : 1.1310346704403182,
    "medianResTime" : 1.0,
    "minResTime" : 0.0,
    "maxResTime" : 167.0,
    "pct1ResTime" : 2.0,
    "pct2ResTime" : 2.0,
    "pct3ResTime" : 4.0,
    "throughput" : 246.71017295090772,
    "receivedKBytesPerSec" : 209.97768299243342,
    "sentKBytesPerSec" : 45.65682771293238
  },
  "03- Put API" : {
    "transaction" : "03- Put API",
    "sampleCount" : 14697,
    "errorCount" : 2215,
    "errorPct" : 15.071103,
    "meanResTime" : 1.0920596040008097,
    "medianResTime" : 1.0,
    "minResTime" : 0.0,
    "maxResTime" : 26.0,
    "pct1ResTime" : 2.0,
    "pct2ResTime" : 2.0,
    "pct3ResTime" : 4.0,
    "throughput" : 50.05227614062452,
    "receivedKBytesPerSec" : 45.406446328197106,
    "sentKBytesPerSec" : 10.129060979181496
  },
  "02- Post API" : {
    "transaction" : "02- Post API",
    "sampleCount" : 14800,
    "errorCount" : 1973,
    "errorPct" : 13.331081,
    "meanResTime" : 1.113243243243248,
    "medianResTime" : 1.0,
    "minResTime" : 0.0,
    "maxResTime" : 24.0,
    "pct1ResTime" : 2.0,
    "pct2ResTime" : 2.0,
    "pct3ResTime" : 3.0,
    "throughput" : 50.04954228340892,
    "receivedKBytesPerSec" : 44.306708028343934,
    "sentKBytesPerSec" : 10.420741910489099
  },
  "01- Get API" : {
    "transaction" : "01- Get API",
    "sampleCount" : 14901,
    "errorCount" : 2080,
    "errorPct" : 13.958795,
    "meanResTime" : 1.268572579021546,
    "medianResTime" : 1.0,
    "minResTime" : 0.0,
    "maxResTime" : 167.0,
    "pct1ResTime" : 2.0,
    "pct2ResTime" : 2.0,
    "pct3ResTime" : 4.0,
    "throughput" : 50.02215597808572,
    "receivedKBytesPerSec" : 33.05048465677537,
    "sentKBytesPerSec" : 5.043710849379633
  }
}