{
  "05- Delete API" : {
    "transaction" : "05- Delete API",
    "sampleCount" : 14500,
    "errorCount" : 2124,
    "errorPct" : 14.648276,
    "meanResTime" : 1.0925517241379252,
    "medianResTime" : 1.0,
    "minResTime" : 0.0,
    "maxResTime" : 26.0,
    "pct1ResTime" : 2.0,
    "pct2ResTime" : 2.0,
    "pct3ResTime" : 3.0,
    "throughput" : 50.00155177229639,
    "receivedKBytesPerSec" : 45.20879796700587,
    "sentKBytesPerSec" : 10.4192349934998
  },
  "04- Patch API" : {
    "transaction" : "04- Patch API",
    "sampleCount" : 14595,
    "errorCount" : 2197,
    "errorPct" : 15.053101,
    "meanResTime" : 1.0985954093867796,
    "medianResTime" : 1.0,
    "minResTime" : 0.0,
    "maxResTime" : 31.0,
    "pct1ResTime" : 2.0,
    "pct2ResTime" : 2.0,
    "pct3ResTime" : 3.0,
    "throughput" : 50.00291212574902,
    "receivedKBytesPerSec" : 45.432845336359094,
    "sentKBytesPerSec" : 10.2871377401219
  },
  "Total" : {
    "transaction" : "Total",
    "sampleCount" : 73490,
    "errorCount" : 10767,
    "errorPct" : 14.650973,
    "meanResTime" : 1.1019594502653158,
    "medianResTime" : 1.0,
    "minResTime" : 0.0,
    "maxResTime" : 53.0,
    "pct1ResTime" : 2.0,
    "pct2ResTime" : 2.0,
    "pct3ResTime" : 3.0,
    "throughput" : 246.56440400461656,
    "receivedKBytesPerSec" : 211.0594327020342,
    "sentKBytesPerSec" : 45.463031433270935
  },
  "03- Put API" : {
    "transaction" : "03- Put API",
    "sampleCount" : 14696,
    "errorCount" : 2226,
    "errorPct" : 15.146978,
    "meanResTime" : 1.0936989657049538,
    "medianResTime" : 1.0,
    "minResTime" : 0.0,
    "maxResTime" : 29.0,
    "pct1ResTime" : 2.0,
    "pct2ResTime" : 2.0,
    "pct3ResTime" : 3.0,
    "throughput" : 49.995237252847446,
    "receivedKBytesPerSec" : 45.40434234966729,
    "sentKBytesPerSec" : 10.108479008191926
  },
  "02- Post API" : {
    "transaction" : "02- Post API",
    "sampleCount" : 14798,
    "errorCount" : 2045,
    "errorPct" : 13.819435,
    "meanResTime" : 1.11406946884714,
    "medianResTime" : 1.0,
    "minResTime" : 0.0,
    "maxResTime" : 24.0,
    "pct1ResTime" : 2.0,
    "pct2ResTime" : 2.0,
    "pct3ResTime" : 3.0,
    "throughput" : 49.99476335429118,
    "receivedKBytesPerSec" : 44.57747118472352,
    "sentKBytesPerSec" : 10.350682907166096
  },
  "01- Get API" : {
    "transaction" : "01- Get API",
    "sampleCount" : 14901,
    "errorCount" : 2175,
    "errorPct" : 14.596335,
    "meanResTime" : 1.1105294946647937,
    "medianResTime" : 1.0,
    "minResTime" : 0.0,
    "maxResTime" : 53.0,
    "pct1ResTime" : 2.0,
    "pct2ResTime" : 2.0,
    "pct3ResTime" : 4.0,
    "throughput" : 49.994128600426095,
    "receivedKBytesPerSec" : 33.534967198797204,
    "sentKBytesPerSec" : 5.003533324386439
  }
}