{
  "05- Delete API" : {
    "transaction" : "05- Delete API",
    "sampleCount" : 14500,
    "errorCount" : 2101,
    "errorPct" : 14.4896555,
    "meanResTime" : 1.0231034482758619,
    "medianResTime" : 1.0,
    "minResTime" : 0.0,
    "maxResTime" : 29.0,
    "pct1ResTime" : 2.0,
    "pct2ResTime" : 2.0,
    "pct3ResTime" : 3.0,
    "throughput" : 50.00724242821374,
    "receivedKBytesPerSec" : 45.11037549511481,
    "sentKBytesPerSec" : 10.439786484163223
  },
  "04- Patch API" : {
    "transaction" : "04- Patch API",
    "sampleCount" : 14595,
    "errorCount" : 2135,
    "errorPct" : 14.628298,
    "meanResTime" : 1.0191846522781762,
    "medianResTime" : 1.0,
    "minResTime" : 0.0,
    "maxResTime" : 24.0,
    "pct1ResTime" : 2.0,
    "pct2ResTime" : 2.0,
    "pct3ResTime" : 3.0,
    "throughput" : 50.002569505113314,
    "receivedKBytesPerSec" : 45.15498732912791,
    "sentKBytesPerSec" : 10.338510886136664
  },
  "Total" : {
    "transaction" : "Total",
    "sampleCount" : 73492,
    "errorCount" : 10396,
    "errorPct" : 14.145758,
    "meanResTime" : 1.0301801556632022,
    "medianResTime" : 1.0,
    "minResTime" : 0.0,
    "maxResTime" : 49.0,
    "pct1ResTime" : 2.0,
    "pct2ResTime" : 2.0,
    "pct3ResTime" : 3.0,
    "throughput" : 246.5901427023182,
    "receivedKBytesPerSec" : 209.29738760577686,
    "sentKBytesPerSec" : 45.69632782904913
  },
  "03- Put API" : {
    "transaction" : "03- Put API",
    "sampleCount" : 14697,
    "errorCount" : 2077,
    "errorPct" : 14.132135,
    "meanResTime" : 1.040620534803017,
    "medianResTime" : 1.0,
    "minResTime" : 0.0,
    "maxResTime" : 25.0,
    "pct1ResTime" : 2.0,
    "pct2ResTime" : 2.0,
    "pct3ResTime" : 3.0,
    "throughput" : 50.002041316240714,
    "receivedKBytesPerSec" : 44.74648593256682,
    "sentKBytesPerSec" : 10.230768674641409
  },
  "02- Post API" : {
    "transaction" : "02- Post API",
    "sampleCount" : 14800,
    "errorCount" : 2080,
    "errorPct" : 14.054054,
    "meanResTime" : 1.0377702702702678,
    "medianResTime" : 1.0,
    "minResTime" : 0.0,
    "maxResTime" : 31.0,
    "pct1ResTime" : 2.0,
    "pct2ResTime" : 2.0,
    "pct3ResTime" : 3.0,
    "throughput" : 50.00371649244201,
    "receivedKBytesPerSec" : 44.73886150321983,
    "sentKBytesPerSec" : 10.324352654589193
  },
  "01- Get API" : {
    "transaction" : "01- Get API",
    "sampleCount" : 14900,
    "errorCount" : 2003,
    "errorPct" : 13.442953,
    "meanResTime" : 1.0300000000000076,
    "medianResTime" : 1.0,
    "minResTime" : 0.0,
    "maxResTime" : 49.0,
    "pct1ResTime" : 2.0,
    "pct2ResTime" : 2.0,
    "pct3ResTime" : 3.0,
    "throughput" : 49.99446370032849,
    "receivedKBytesPerSec" : 32.625201634550535,
    "sentKBytesPerSec" : 5.071140402237336
  }
}