{
  "05- Delete API" : {
    "transaction" : "05- Delete API",
    "sampleCount" : 14500,
    "errorCount" : 2043,
    "errorPct" : 14.089655,
    "meanResTime" : 1.1689655172413809,
    "medianResTime" : 1.0,
    "minResTime" : 0.0,
    "maxResTime" : 30.0,
    "pct1ResTime" : 2.0,
    "pct2ResTime" : 2.0,
    "pct3ResTime" : 4.0,
    "throughput" : 50.02311412859735,
    "receivedKBytesPerSec" : 44.86343945887928,
    "sentKBytesPerSec" : 10.49195064486694
  },
  "04- Patch API" : {
    "transaction" : "04- Patch API",
    "sampleCount" : 14595,
    "errorCount" : 2014,
    "errorPct" : 13.799247,
    "meanResTime" : 1.170674888660506,
    "medianResTime" : 1.0,
    "minResTime" : 0.0,
    "maxResTime" : 29.0,
    "pct1ResTime" : 2.0,
    "pct2ResTime" : 2.0,
    "pct3ResTime" : 4.0,
    "throughput" : 50.022277821571784,
    "receivedKBytesPerSec" : 44.63090777303184,
    "sentKBytesPerSec" : 10.443023400281044
  },
  "Total" : {
    "transaction" : "Total",
    "sampleCount" : 73488,
    "errorCount" : 10033,
    "errorPct" : 13.652569,
    "meanResTime" : 1.1954060526888868,
    "medianResTime" : 1.0,
    "minResTime" : 0.0,
    "maxResTime" : 117.0,
    "pct1ResTime" : 2.0,
    "pct2ResTime" : 2.0,
    "pct3ResTime" : 4.0,
    "throughput" : 246.60733701123505,
    "receivedKBytesPerSec" : 207.68998301885765,
    "sentKBytesPerSec" : 45.97852325408731
  },
  "03- Put API" : {
    "transaction" : "03- Put API",
    "sampleCount" : 14695,
    "errorCount" : 2076,
    "errorPct" : 14.1272545,
    "meanResTime" : 1.1897924464103473,
    "medianResTime" : 1.0,
    "minResTime" : 0.0,
    "maxResTime" : 32.0,
    "pct1ResTime" : 2.0,
    "pct2ResTime" : 2.0,
    "pct3ResTime" : 4.0,
    "throughput" : 50.021785602439984,
    "receivedKBytesPerSec" : 44.760959524946216,
    "sentKBytesPerSec" : 10.23539034948872
  },
  "02- Post API" : {
    "transaction" : "02- Post API",
    "sampleCount" : 14798,
    "errorCount" : 1932,
    "errorPct" : 13.055819,
    "meanResTime" : 1.2021894850655463,
    "medianResTime" : 1.0,
    "minResTime" : 0.0,
    "maxResTime" : 32.0,
    "pct1ResTime" : 2.0,
    "pct2ResTime" : 2.0,
    "pct3ResTime" : 4.0,
    "throughput" : 50.01909770928892,
    "receivedKBytesPerSec" : 44.099718879184174,
    "sentKBytesPerSec" : 10.44747950376377
  },
  "01- Get API" : {
    "transaction" : "01- Get API",
    "sampleCount" : 14900,
    "errorCount" : 1968,
    "errorPct" : 13.208054,
    "meanResTime" : 1.2441610738255073,
    "medianResTime" : 1.0,
    "minResTime" : 0.0,
    "maxResTime" : 117.0,
    "pct1ResTime" : 2.0,
    "pct2ResTime" : 2.0,
    "pct3ResTime" : 4.0,
    "throughput" : 50.000671149948325,
    "receivedKBytesPerSec" : 32.44389972935878,
    "sentKBytesPerSec" : 5.085533866226393
  }
}