{
  "05- Delete API" : {
    "transaction" : "05- Delete API",
    "sampleCount" : 14500,
    "errorCount" : 2132,
    "errorPct" : 14.703448,
    "meanResTime" : 1.0575172413793146,
    "medianResTime" : 1.0,
    "minResTime" : 0.0,
    "maxResTime" : 28.0,
    "pct1ResTime" : 2.0,
    "pct2ResTime" : 2.0,
    "pct3ResTime" : 3.0,
    "throughput" : 49.99879313257956,
    "receivedKBytesPerSec" : 45.24232119828142,
    "sentKBytesPerSec" : 10.411925401800646
  },
  "04- Patch API" : {
    "transaction" : "04- Patch API",
    "sampleCount" : 14596,
    "errorCount" : 2198,
    "errorPct" : 15.05892,
    "meanResTime" : 1.0569334064127058,
    "medianResTime" : 1.0,
    "minResTime" : 0.0,
    "maxResTime" : 26.0,
    "pct1ResTime" : 2.0,
    "pct2ResTime" : 2.0,
    "pct3ResTime" : 4.0,
    "throughput" : 50.00393974586926,
    "receivedKBytesPerSec" : 45.43758157843349,
    "sentKBytesPerSec" : 10.286644347149851
  },
  "Total" : {
    "transaction" : "Total",
    "sampleCount" : 73491,
    "errorCount" : 10624,
    "errorPct" : 14.456192,
    "meanResTime" : 1.0611639520485527,
    "medianResTime" : 1.0,
    "minResTime" : 0.0,
    "maxResTime" : 49.0,
    "pct1ResTime" : 2.0,
    "pct2ResTime" : 2.0,
    "pct3ResTime" : 4.0,
    "throughput" : 246.55865963021736,
    "receivedKBytesPerSec" : 210.3745367023186,
    "sentKBytesPerSec" : 45.5530381487216
  },
  "03- Put API" : {
    "transaction" : "03- Put API",
    "sampleCount" : 14697,
    "errorCount" : 2114,
    "errorPct" : 14.383888,
    "meanResTime" : 1.0600802884942497,
    "medianResTime" : 1.0,
    "minResTime" : 0.0,
    "maxResTime" : 27.0,
    "pct1ResTime" : 2.0,
    "pct2ResTime" : 2.0,
    "pct3ResTime" : 4.0,
    "throughput" : 50.00595430496249,
    "receivedKBytesPerSec" : 44.91472784041613,
    "sentKBytesPerSec" : 10.201571830183223
  },
  "02- Post API" : {
    "transaction" : "02- Post API",
    "sampleCount" : 14799,
    "errorCount" : 2064,
    "errorPct" : 13.946888,
    "meanResTime" : 1.0766943712413053,
    "medianResTime" : 1.0,
    "minResTime" : 0.0,
    "maxResTime" : 25.0,
    "pct1ResTime" : 2.0,
    "pct2ResTime" : 2.0,
    "pct3ResTime" : 4.0,
    "throughput" : 50.00168936040815,
    "receivedKBytesPerSec" : 44.666979550292254,
    "sentKBytesPerSec" : 10.336806992685068
  },
  "01- Get API" : {
    "transaction" : "01- Get API",
    "sampleCount" : 14899,
    "errorCount" : 2116,
    "errorPct" : 14.202295,
    "meanResTime" : 1.0545003020336938,
    "medianResTime" : 1.0,
    "minResTime" : 0.0,
    "maxResTime" : 49.0,
    "pct1ResTime" : 2.0,
    "pct2ResTime" : 2.0,
    "pct3ResTime" : 3.0,
    "throughput" : 49.99261804418436,
    "receivedKBytesPerSec" : 33.22307738323927,
    "sentKBytesPerSec" : 5.0264670378895655
  }
}