{
  "05- Delete API" : {
    "transaction" : "05- Delete API",
    "sampleCount" : 14500,
    "errorCount" : 2251,
    "errorPct" : 15.5241375,
    "meanResTime" : 1.1727586206896554,
    "medianResTime" : 1.0,
    "minResTime" : 0.0,
    "maxResTime" : 33.0,
    "pct1ResTime" : 2.0,
    "pct2ResTime" : 2.0,
    "pct3ResTime" : 4.0,
    "throughput" : 50.01241687591402,
    "receivedKBytesPerSec" : 45.7905544383002,
    "sentKBytesPerSec" : 10.3145557366829
  },
  "04- Patch API" : {
    "transaction" : "04- Patch API",
    "sampleCount" : 14595,
    "errorCount" : 2264,
    "errorPct" : 15.512161,
    "meanResTime" : 1.1899965741692422,
    "medianResTime" : 1.0,
    "minResTime" : 0.0,
    "maxResTime" : 33.0,
    "pct1ResTime" : 2.0,
    "pct2ResTime" : 2.0,
    "pct3ResTime" : 4.0,
    "throughput" : 50.01884917234998,
    "receivedKBytesPerSec" : 45.74735294968127,
    "sentKBytesPerSec" : 10.234806067719935
  },
  "Total" : {
    "transaction" : "Total",
    "sampleCount" : 73490,
    "errorCount" : 11065,
    "errorPct" : 15.05647,
    "meanResTime" : 1.1941760783780277,
    "medianResTime" : 1.0,
    "minResTime" : 0.0,
    "maxResTime" : 107.0,
    "pct1ResTime" : 2.0,
    "pct2ResTime" : 3.0,
    "pct3ResTime" : 5.0,
    "throughput" : 246.57267670091193,
    "receivedKBytesPerSec" : 212.31951585283815,
    "sentKBytesPerSec" : 45.19827161746844
  },
  "03- Put API" : {
    "transaction" : "03- Put API",
    "sampleCount" : 14697,
    "errorCount" : 2284,
    "errorPct" : 15.540586,
    "meanResTime" : 1.1784717969653629,
    "medianResTime" : 1.0,
    "minResTime" : 0.0,
    "maxResTime" : 34.0,
    "pct1ResTime" : 2.0,
    "pct2ResTime" : 2.0,
    "pct3ResTime" : 4.0,
    "throughput" : 50.01803739526399,
    "receivedKBytesPerSec" : 45.68267805440317,
    "sentKBytesPerSec" : 10.066177352688934
  },
  "02- Post API" : {
    "transaction" : "02- Post API",
    "sampleCount" : 14798,
    "errorCount" : 2151,
    "errorPct" : 14.5357485,
    "meanResTime" : 1.1926611704284467,
    "medianResTime" : 1.0,
    "minResTime" : 0.0,
    "maxResTime" : 31.0,
    "pct1ResTime" : 2.0,
    "pct2ResTime" : 2.0,
    "pct3ResTime" : 4.0,
    "throughput" : 50.01216676580328,
    "receivedKBytesPerSec" : 45.061434378252926,
    "sentKBytesPerSec" : 10.268223586711866
  },
  "01- Get API" : {
    "transaction" : "01- Get API",
    "sampleCount" : 14900,
    "errorCount" : 2115,
    "errorPct" : 14.194631,
    "meanResTime" : 1.236107382550324,
    "medianResTime" : 1.0,
    "minResTime" : 0.0,
    "maxResTime" : 107.0,
    "pct1ResTime" : 2.0,
    "pct2ResTime" : 2.0,
    "pct3ResTime" : 4.0,
    "throughput" : 49.99781888709553,
    "receivedKBytesPerSec" : 33.220486081983005,
    "sentKBytesPerSec" : 5.027439029505425
  }
}