{
  "05- Delete API" : {
    "transaction" : "05- Delete API",
    "sampleCount" : 14500,
    "errorCount" : 2298,
    "errorPct" : 15.848276,
    "meanResTime" : 1.193862068965525,
    "medianResTime" : 1.0,
    "minResTime" : 0.0,
    "maxResTime" : 35.0,
    "pct1ResTime" : 2.0,
    "pct2ResTime" : 2.0,
    "pct3ResTime" : 4.0,
    "throughput" : 50.01120940900547,
    "receivedKBytesPerSec" : 46.00110396511287,
    "sentKBytesPerSec" : 10.274730219704416
  },
  "04- Patch API" : {
    "transaction" : "04- Patch API",
    "sampleCount" : 14595,
    "errorCount" : 2225,
    "errorPct" : 15.2449465,
    "meanResTime" : 1.1848578280232926,
    "medianResTime" : 1.0,
    "minResTime" : 0.0,
    "maxResTime" : 33.0,
    "pct1ResTime" : 2.0,
    "pct2ResTime" : 2.0,
    "pct3ResTime" : 4.0,
    "throughput" : 50.01456402172609,
    "receivedKBytesPerSec" : 45.568806034002705,
    "sentKBytesPerSec" : 10.266296711957919
  },
  "Total" : {
    "transaction" : "Total",
    "sampleCount" : 73489,
    "errorCount" : 10971,
    "errorPct" : 14.928765,
    "meanResTime" : 1.1912258977533974,
    "medianResTime" : 1.0,
    "minResTime" : 0.0,
    "maxResTime" : 92.0,
    "pct1ResTime" : 2.0,
    "pct2ResTime" : 3.0,
    "pct3ResTime" : 5.0,
    "throughput" : 246.5701488030331,
    "receivedKBytesPerSec" : 211.93229000654262,
    "sentKBytesPerSec" : 45.285022762921706
  },
  "03- Put API" : {
    "transaction" : "03- Put API",
    "sampleCount" : 14697,
    "errorCount" : 2225,
    "errorPct" : 15.139144,
    "meanResTime" : 1.179084166836768,
    "medianResTime" : 1.0,
    "minResTime" : 0.0,
    "maxResTime" : 29.0,
    "pct1ResTime" : 2.0,
    "pct2ResTime" : 2.0,
    "pct3ResTime" : 4.0,
    "throughput" : 50.011569662982524,
    "receivedKBytesPerSec" : 45.41404758598131,
    "sentKBytesPerSec" : 10.11271488947569
  },
  "02- Post API" : {
    "transaction" : "02- Post API",
    "sampleCount" : 14797,
    "errorCount" : 2078,
    "errorPct" : 14.043387,
    "meanResTime" : 1.1857133202676184,
    "medianResTime" : 1.0,
    "minResTime" : 0.0,
    "maxResTime" : 32.0,
    "pct1ResTime" : 2.0,
    "pct2ResTime" : 2.0,
    "pct3ResTime" : 4.0,
    "throughput" : 50.01081534156201,
    "receivedKBytesPerSec" : 44.738237312674904,
    "sentKBytesPerSec" : 10.327099918969434
  },
  "01- Get API" : {
    "transaction" : "01- Get API",
    "sampleCount" : 14900,
    "errorCount" : 2145,
    "errorPct" : 14.395973,
    "meanResTime" : 1.2123489932885916,
    "medianResTime" : 1.0,
    "minResTime" : 0.0,
    "maxResTime" : 92.0,
    "pct1ResTime" : 2.0,
    "pct2ResTime" : 2.0,
    "pct3ResTime" : 4.0,
    "throughput" : 49.992450804408726,
    "receivedKBytesPerSec" : 33.375766977302085,
    "sentKBytesPerSec" : 5.015103633679478
  }
}