{
  "05- Delete API" : {
    "transaction" : "05- Delete API",
    "sampleCount" : 14500,
    "errorCount" : 2139,
    "errorPct" : 14.751724,
    "meanResTime" : 0.9613103448275838,
    "medianResTime" : 1.0,
    "minResTime" : 0.0,
    "maxResTime" : 27.0,
    "pct1ResTime" : 2.0,
    "pct2ResTime" : 2.0,
    "pct3ResTime" : 3.0,
    "throughput" : 50.01534953830658,
    "receivedKBytesPerSec" : 45.28882826863244,
    "sentKBytesPerSec" : 10.409478307566806
  },
  "04- Patch API" : {
    "transaction" : "04- Patch API",
    "sampleCount" : 14596,
    "errorCount" : 1988,
    "errorPct" : 13.62017,
    "meanResTime" : 0.9847218416004394,
    "medianResTime" : 1.0,
    "minResTime" : 0.0,
    "maxResTime" : 29.0,
    "pct1ResTime" : 2.0,
    "pct2ResTime" : 2.0,
    "pct3ResTime" : 3.0,
    "throughput" : 50.01507716768552,
    "receivedKBytesPerSec" : 44.507453667692374,
    "sentKBytesPerSec" : 10.463211710847338
  },
  "Total" : {
    "transaction" : "Total",
    "sampleCount" : 73498,
    "errorCount" : 10051,
    "errorPct" : 13.675202,
    "meanResTime" : 0.9904079022558496,
    "medianResTime" : 1.0,
    "minResTime" : 0.0,
    "maxResTime" : 94.0,
    "pct1ResTime" : 2.0,
    "pct2ResTime" : 2.0,
    "pct3ResTime" : 3.0,
    "throughput" : 246.58048975237276,
    "receivedKBytesPerSec" : 207.7197408307724,
    "sentKBytesPerSec" : 45.95008176588306
  },
  "03- Put API" : {
    "transaction" : "03- Put API",
    "sampleCount" : 14699,
    "errorCount" : 2119,
    "errorPct" : 14.415947,
    "meanResTime" : 0.975032315123481,
    "medianResTime" : 1.0,
    "minResTime" : 0.0,
    "maxResTime" : 26.0,
    "pct1ResTime" : 2.0,
    "pct2ResTime" : 2.0,
    "pct3ResTime" : 3.0,
    "throughput" : 50.01514166816949,
    "receivedKBytesPerSec" : 44.943962137535685,
    "sentKBytesPerSec" : 10.199625456376683
  },
  "02- Post API" : {
    "transaction" : "02- Post API",
    "sampleCount" : 14800,
    "errorCount" : 1858,
    "errorPct" : 12.554054,
    "meanResTime" : 1.0022297297297373,
    "medianResTime" : 1.0,
    "minResTime" : 0.0,
    "maxResTime" : 25.0,
    "pct1ResTime" : 2.0,
    "pct2ResTime" : 2.0,
    "pct3ResTime" : 3.0,
    "throughput" : 50.012334122942484,
    "receivedKBytesPerSec" : 43.76561697437206,
    "sentKBytesPerSec" : 10.506352178915746
  },
  "01- Get API" : {
    "transaction" : "01- Get API",
    "sampleCount" : 14903,
    "errorCount" : 1947,
    "errorPct" : 13.064484,
    "meanResTime" : 1.0277125410991126,
    "medianResTime" : 1.0,
    "minResTime" : 0.0,
    "maxResTime" : 94.0,
    "pct1ResTime" : 2.0,
    "pct2ResTime" : 2.0,
    "pct3ResTime" : 3.0,
    "throughput" : 49.99849028245138,
    "receivedKBytesPerSec" : 32.32920232500696,
    "sentKBytesPerSec" : 5.093724104150381
  }
}