{
  "05- Delete API" : {
    "transaction" : "05- Delete API",
    "sampleCount" : 14499,
    "errorCount" : 2155,
    "errorPct" : 14.863094,
    "meanResTime" : 1.1525622456721187,
    "medianResTime" : 1.0,
    "minResTime" : 0.0,
    "maxResTime" : 30.0,
    "pct1ResTime" : 2.0,
    "pct2ResTime" : 2.0,
    "pct3ResTime" : 4.0,
    "throughput" : 50.00810532088448,
    "receivedKBytesPerSec" : 45.35498624358904,
    "sentKBytesPerSec" : 10.394373441450266
  },
  "04- Patch API" : {
    "transaction" : "04- Patch API",
    "sampleCount" : 14594,
    "errorCount" : 2120,
    "errorPct" : 14.526518,
    "meanResTime" : 1.155954501850076,
    "medianResTime" : 1.0,
    "minResTime" : 0.0,
    "maxResTime" : 33.0,
    "pct1ResTime" : 2.0,
    "pct2ResTime" : 2.0,
    "pct3ResTime" : 4.0,
    "throughput" : 50.00599633367027,
    "receivedKBytesPerSec" : 45.091579273672664,
    "sentKBytesPerSec" : 10.351545769158285
  },
  "Total" : {
    "transaction" : "Total",
    "sampleCount" : 73487,
    "errorCount" : 10517,
    "errorPct" : 14.311375,
    "meanResTime" : 1.160803951719348,
    "medianResTime" : 1.0,
    "minResTime" : 0.0,
    "maxResTime" : 82.0,
    "pct1ResTime" : 2.0,
    "pct2ResTime" : 2.0,
    "pct3ResTime" : 4.0,
    "throughput" : 246.56012937470013,
    "receivedKBytesPerSec" : 209.86235694466347,
    "sentKBytesPerSec" : 45.618514856198146
  },
  "03- Put API" : {
    "transaction" : "03- Put API",
    "sampleCount" : 14697,
    "errorCount" : 2202,
    "errorPct" : 14.98265,
    "meanResTime" : 1.149758454106281,
    "medianResTime" : 1.0,
    "minResTime" : 0.0,
    "maxResTime" : 32.0,
    "pct1ResTime" : 2.0,
    "pct2ResTime" : 2.0,
    "pct3ResTime" : 4.0,
    "throughput" : 50.00799610742685,
    "receivedKBytesPerSec" : 45.308392292220304,
    "sentKBytesPerSec" : 10.130640126678758
  },
  "02- Post API" : {
    "transaction" : "02- Post API",
    "sampleCount" : 14798,
    "errorCount" : 1975,
    "errorPct" : 13.346398,
    "meanResTime" : 1.1695499391809625,
    "medianResTime" : 1.0,
    "minResTime" : 0.0,
    "maxResTime" : 31.0,
    "pct1ResTime" : 2.0,
    "pct2ResTime" : 2.0,
    "pct3ResTime" : 4.0,
    "throughput" : 50.00321009931034,
    "receivedKBytesPerSec" : 44.275707219724545,
    "sentKBytesPerSec" : 10.409255191490873
  },
  "01- Get API" : {
    "transaction" : "01- Get API",
    "sampleCount" : 14899,
    "errorCount" : 2065,
    "errorPct" : 13.859991,
    "meanResTime" : 1.1757836096382286,
    "medianResTime" : 1.0,
    "minResTime" : 0.0,
    "maxResTime" : 82.0,
    "pct1ResTime" : 2.0,
    "pct2ResTime" : 2.0,
    "pct3ResTime" : 4.0,
    "throughput" : 49.98842472210945,
    "receivedKBytesPerSec" : 32.9502532773554,
    "sentKBytesPerSec" : 5.046097705410856
  }
}