{
  "05- Delete API" : {
    "transaction" : "05- Delete API",
    "sampleCount" : 15141,
    "errorCount" : 0,
    "errorPct" : 0.0,
    "meanResTime" : 116.58325077603915,
    "medianResTime" : 20.0,
    "minResTime" : 2.0,
    "maxResTime" : 1988.0,
    "pct1ResTime" : 350.8000000000011,
    "pct2ResTime" : 603.0,
    "pct3ResTime" : 1210.1599999999999,
    "throughput" : 61.38782460621541,
    "receivedKBytesPerSec" : 41.18499560983397,
    "sentKBytesPerSec" : 13.66838282247765
  },
  "04- Patch API" : {
    "transaction" : "04- Patch API",
    "sampleCount" : 15212,
    "errorCount" : 1,
    "errorPct" : 0.0065737576,
    "meanResTime" : 118.74802787273192,
    "medianResTime" : 20.0,
    "minResTime" : 2.0,
    "maxResTime" : 2005.0,
    "pct1ResTime" : 354.0,
    "pct2ResTime" : 626.3499999999985,
    "pct3ResTime" : 1188.869999999999,
    "throughput" : 61.433336833348136,
    "receivedKBytesPerSec" : 41.15553619890315,
    "sentKBytesPerSec" : 13.558529418297539
  },
  "01_Get API" : {
    "transaction" : "01_Get API",
    "sampleCount" : 15415,
    "errorCount" : 0,
    "errorPct" : 0.0,
    "meanResTime" : 117.02140771975341,
    "medianResTime" : 20.0,
    "minResTime" : 2.0,
    "maxResTime" : 2000.0,
    "pct1ResTime" : 349.0,
    "pct2ResTime" : 593.1999999999989,
    "pct3ResTime" : 1208.0400000000009,
    "throughput" : 61.4689544894468,
    "receivedKBytesPerSec" : 27.012724140870176,
    "sentKBytesPerSec" : 7.143364828363447
  },
  "Total" : {
    "transaction" : "Total",
    "sampleCount" : 76373,
    "errorCount" : 1,
    "errorPct" : 0.0013093633,
    "meanResTime" : 115.9168161523048,
    "medianResTime" : 53.0,
    "minResTime" : 2.0,
    "maxResTime" : 2005.0,
    "pct1ResTime" : 693.9000000000015,
    "pct2ResTime" : 1005.9500000000007,
    "pct3ResTime" : 1478.9900000000016,
    "throughput" : 304.54547267093875,
    "receivedKBytesPerSec" : 189.73533772659576,
    "sentKBytesPerSec" : 60.551785519355846
  },
  "03- Put API" : {
    "transaction" : "03- Put API",
    "sampleCount" : 15265,
    "errorCount" : 0,
    "errorPct" : 0.0,
    "meanResTime" : 112.80334097608915,
    "medianResTime" : 20.0,
    "minResTime" : 2.0,
    "maxResTime" : 1839.0,
    "pct1ResTime" : 339.0,
    "pct2ResTime" : 585.0,
    "pct3ResTime" : 1121.0,
    "throughput" : 61.38287391680238,
    "receivedKBytesPerSec" : 41.00184156161409,
    "sentKBytesPerSec" : 13.307615243681767
  },
  "02- Post API" : {
    "transaction" : "02- Post API",
    "sampleCount" : 15340,
    "errorCount" : 0,
    "errorPct" : 0.0,
    "meanResTime" : 114.43970013037787,
    "medianResTime" : 21.0,
    "minResTime" : 2.0,
    "maxResTime" : 2000.0,
    "pct1ResTime" : 334.0,
    "pct2ResTime" : 585.0,
    "pct3ResTime" : 1187.0,
    "throughput" : 61.43839539252085,
    "receivedKBytesPerSec" : 41.098926605348424,
    "sentKBytesPerSec" : 13.439648992113936
  }
}