{
  "05- Delete API" : {
    "transaction" : "05- Delete API",
    "sampleCount" : 13178,
    "errorCount" : 324,
    "errorPct" : 2.4586432,
    "meanResTime" : 1236.3964182728757,
    "medianResTime" : 1241.0,
    "minResTime" : 5.0,
    "maxResTime" : 3932.0,
    "pct1ResTime" : 1471.0,
    "pct2ResTime" : 1675.0499999999993,
    "pct3ResTime" : 2411.149999999987,
    "throughput" : 52.29406582591925,
    "receivedKBytesPerSec" : 35.08400705313137,
    "sentKBytesPerSec" : 11.643600594052334
  },
  "04- Patch API" : {
    "transaction" : "04- Patch API",
    "sampleCount" : 13240,
    "errorCount" : 314,
    "errorPct" : 2.371601,
    "meanResTime" : 1239.5567220543826,
    "medianResTime" : 1242.0,
    "minResTime" : 5.0,
    "maxResTime" : 3937.0,
    "pct1ResTime" : 1464.0,
    "pct2ResTime" : 1674.0,
    "pct3ResTime" : 2405.7700000000004,
    "throughput" : 52.506136952185315,
    "receivedKBytesPerSec" : 35.17500971601477,
    "sentKBytesPerSec" : 11.588268507025273
  },
  "Total" : {
    "transaction" : "Total",
    "sampleCount" : 66583,
    "errorCount" : 1605,
    "errorPct" : 2.4105253,
    "meanResTime" : 1229.3980745836031,
    "medianResTime" : 1259.0,
    "minResTime" : 5.0,
    "maxResTime" : 4005.0,
    "pct1ResTime" : 1585.0,
    "pct2ResTime" : 1951.0,
    "pct3ResTime" : 2393.9900000000016,
    "throughput" : 263.7242941791565,
    "receivedKBytesPerSec" : 164.2902364234945,
    "sentKBytesPerSec" : 52.42913152869427
  },
  "03- Put API" : {
    "transaction" : "03- Put API",
    "sampleCount" : 13323,
    "errorCount" : 324,
    "errorPct" : 2.4318848,
    "meanResTime" : 1230.7267882608949,
    "medianResTime" : 1239.0,
    "minResTime" : 5.0,
    "maxResTime" : 4005.0,
    "pct1ResTime" : 1468.0,
    "pct2ResTime" : 1687.0,
    "pct3ResTime" : 2389.5600000000013,
    "throughput" : 52.82356066403137,
    "receivedKBytesPerSec" : 35.284487787302204,
    "sentKBytesPerSec" : 11.451982878334926
  },
  "02- Post API" : {
    "transaction" : "02- Post API",
    "sampleCount" : 13389,
    "errorCount" : 307,
    "errorPct" : 2.292927,
    "meanResTime" : 1214.1917992381775,
    "medianResTime" : 1235.0,
    "minResTime" : 5.0,
    "maxResTime" : 3911.0,
    "pct1ResTime" : 1461.0,
    "pct2ResTime" : 1656.5,
    "pct3ResTime" : 2402.600000000002,
    "throughput" : 53.092818253555976,
    "receivedKBytesPerSec" : 35.51619189813071,
    "sentKBytesPerSec" : 11.614053992965369
  },
  "01- Get API" : {
    "transaction" : "01- Get API",
    "sampleCount" : 13453,
    "errorCount" : 336,
    "errorPct" : 2.497584,
    "meanResTime" : 1226.3630417007291,
    "medianResTime" : 1238.0,
    "minResTime" : 5.0,
    "maxResTime" : 3949.0,
    "pct1ResTime" : 1465.6000000000004,
    "pct2ResTime" : 1668.0,
    "pct3ResTime" : 2449.3799999999974,
    "throughput" : 53.3009504867332,
    "receivedKBytesPerSec" : 23.42326925686518,
    "sentKBytesPerSec" : 6.194153425704347
  }
}