{
  "05- Delete API" : {
    "transaction" : "05- Delete API",
    "sampleCount" : 14500,
    "errorCount" : 2157,
    "errorPct" : 14.875862,
    "meanResTime" : 1.2793103448275802,
    "medianResTime" : 1.0,
    "minResTime" : 0.0,
    "maxResTime" : 32.0,
    "pct1ResTime" : 2.0,
    "pct2ResTime" : 3.0,
    "pct3ResTime" : 4.0,
    "throughput" : 49.99465574369636,
    "receivedKBytesPerSec" : 45.35112262245243,
    "sentKBytesPerSec" : 10.390019461281724
  },
  "04- Patch API" : {
    "transaction" : "04- Patch API",
    "sampleCount" : 14594,
    "errorCount" : 2170,
    "errorPct" : 14.869124,
    "meanResTime" : 1.2607235850349472,
    "medianResTime" : 1.0,
    "minResTime" : 0.0,
    "maxResTime" : 32.0,
    "pct1ResTime" : 2.0,
    "pct2ResTime" : 3.0,
    "pct3ResTime" : 4.0,
    "throughput" : 49.99691673118692,
    "receivedKBytesPerSec" : 45.3072099992977,
    "sentKBytesPerSec" : 10.308181282502792
  },
  "Total" : {
    "transaction" : "Total",
    "sampleCount" : 73487,
    "errorCount" : 10869,
    "errorPct" : 14.790371,
    "meanResTime" : 1.2806482779266952,
    "medianResTime" : 1.0,
    "minResTime" : 0.0,
    "maxResTime" : 47.0,
    "pct1ResTime" : 2.0,
    "pct2ResTime" : 3.0,
    "pct3ResTime" : 5.0,
    "throughput" : 246.5245628866256,
    "receivedKBytesPerSec" : 211.4173847492972,
    "sentKBytesPerSec" : 45.34617511120728
  },
  "03- Put API" : {
    "transaction" : "03- Put API",
    "sampleCount" : 14696,
    "errorCount" : 2090,
    "errorPct" : 14.221557,
    "meanResTime" : 1.2842270005443688,
    "medianResTime" : 1.0,
    "minResTime" : 0.0,
    "maxResTime" : 30.0,
    "pct1ResTime" : 2.0,
    "pct2ResTime" : 3.0,
    "pct3ResTime" : 4.0,
    "throughput" : 49.994727012325185,
    "receivedKBytesPerSec" : 44.798442172334845,
    "sentKBytesPerSec" : 10.218619557341189
  },
  "02- Post API" : {
    "transaction" : "02- Post API",
    "sampleCount" : 14798,
    "errorCount" : 2341,
    "errorPct" : 15.819705,
    "meanResTime" : 1.2920664954723557,
    "medianResTime" : 1.0,
    "minResTime" : 0.0,
    "maxResTime" : 29.0,
    "pct1ResTime" : 2.0,
    "pct2ResTime" : 3.0,
    "pct3ResTime" : 4.0,
    "throughput" : 49.99493226122504,
    "receivedKBytesPerSec" : 45.88528315462516,
    "sentKBytesPerSec" : 10.110475385570458
  },
  "01- Get API" : {
    "transaction" : "01- Get API",
    "sampleCount" : 14899,
    "errorCount" : 2111,
    "errorPct" : 14.168736,
    "meanResTime" : 1.286596415866847,
    "medianResTime" : 1.0,
    "minResTime" : 0.0,
    "maxResTime" : 47.0,
    "pct1ResTime" : 2.0,
    "pct2ResTime" : 3.0,
    "pct3ResTime" : 4.0,
    "throughput" : 49.98641217737309,
    "receivedKBytesPerSec" : 33.19248002611043,
    "sentKBytesPerSec" : 5.027808904888597
  }
}