{
  "05- Delete API" : {
    "transaction" : "05- Delete API",
    "sampleCount" : 11897,
    "errorCount" : 0,
    "errorPct" : 0.0,
    "meanResTime" : 12.14633941329748,
    "medianResTime" : 9.0,
    "minResTime" : 2.0,
    "maxResTime" : 512.0,
    "pct1ResTime" : 18.0,
    "pct2ResTime" : 24.0,
    "pct3ResTime" : 88.0,
    "throughput" : 48.51482725997455,
    "receivedKBytesPerSec" : 32.548521804299334,
    "sentKBytesPerSec" : 10.80212950710371
  },
  "04- Patch API" : {
    "transaction" : "04- Patch API",
    "sampleCount" : 11948,
    "errorCount" : 0,
    "errorPct" : 0.0,
    "meanResTime" : 12.105875460328132,
    "medianResTime" : 9.0,
    "minResTime" : 2.0,
    "maxResTime" : 555.0,
    "pct1ResTime" : 18.0,
    "pct2ResTime" : 25.0,
    "pct3ResTime" : 87.02000000000044,
    "throughput" : 48.51900882828299,
    "receivedKBytesPerSec" : 32.503945367384894,
    "sentKBytesPerSec" : 10.708296870304645
  },
  "01_Get API" : {
    "transaction" : "01_Get API",
    "sampleCount" : 12100,
    "errorCount" : 0,
    "errorPct" : 0.0,
    "meanResTime" : 11.828595041322298,
    "medianResTime" : 8.0,
    "minResTime" : 2.0,
    "maxResTime" : 559.0,
    "pct1ResTime" : 18.0,
    "pct2ResTime" : 24.0,
    "pct3ResTime" : 79.0,
    "throughput" : 48.546415990627736,
    "receivedKBytesPerSec" : 21.333874214631326,
    "sentKBytesPerSec" : 5.64162451453584
  },
  "Total" : {
    "transaction" : "Total",
    "sampleCount" : 60000,
    "errorCount" : 0,
    "errorPct" : 0.0,
    "meanResTime" : 12.118950000000023,
    "medianResTime" : 8.0,
    "minResTime" : 2.0,
    "maxResTime" : 559.0,
    "pct1ResTime" : 17.0,
    "pct2ResTime" : 23.0,
    "pct3ResTime" : 79.0,
    "throughput" : 240.5889617784336,
    "receivedKBytesPerSec" : 149.8991445120154,
    "sentKBytesPerSec" : 47.83969751702167
  },
  "03- Put API" : {
    "transaction" : "03- Put API",
    "sampleCount" : 12001,
    "errorCount" : 0,
    "errorPct" : 0.0,
    "meanResTime" : 12.300724939588381,
    "medianResTime" : 9.0,
    "minResTime" : 2.0,
    "maxResTime" : 550.0,
    "pct1ResTime" : 18.0,
    "pct2ResTime" : 25.0,
    "pct3ResTime" : 96.0,
    "throughput" : 48.52123637980876,
    "receivedKBytesPerSec" : 32.410669613075385,
    "sentKBytesPerSec" : 10.519252418278851
  },
  "02- Post API" : {
    "transaction" : "02- Post API",
    "sampleCount" : 12054,
    "errorCount" : 0,
    "errorPct" : 0.0,
    "meanResTime" : 12.215364194458337,
    "medianResTime" : 9.0,
    "minResTime" : 2.0,
    "maxResTime" : 553.0,
    "pct1ResTime" : 17.0,
    "pct2ResTime" : 24.0,
    "pct3ResTime" : 95.0,
    "throughput" : 48.54103074184741,
    "receivedKBytesPerSec" : 32.47129497867722,
    "sentKBytesPerSec" : 10.61835047477912
  }
}