{
  "05- Delete API" : {
    "transaction" : "05- Delete API",
    "sampleCount" : 14500,
    "errorCount" : 2174,
    "errorPct" : 14.993103,
    "meanResTime" : 1.0402758620689634,
    "medianResTime" : 1.0,
    "minResTime" : 0.0,
    "maxResTime" : 28.0,
    "pct1ResTime" : 2.0,
    "pct2ResTime" : 2.0,
    "pct3ResTime" : 3.0,
    "throughput" : 50.00155177229639,
    "receivedKBytesPerSec" : 45.43391944706905,
    "sentKBytesPerSec" : 10.377140475911322
  },
  "04- Patch API" : {
    "transaction" : "04- Patch API",
    "sampleCount" : 14595,
    "errorCount" : 2066,
    "errorPct" : 14.155533,
    "meanResTime" : 1.0622130866735138,
    "medianResTime" : 1.0,
    "minResTime" : 0.0,
    "maxResTime" : 33.0,
    "pct1ResTime" : 2.0,
    "pct2ResTime" : 2.0,
    "pct3ResTime" : 3.0,
    "throughput" : 50.002569505113314,
    "receivedKBytesPerSec" : 44.84610471054525,
    "sentKBytesPerSec" : 10.395762671942718
  },
  "Total" : {
    "transaction" : "Total",
    "sampleCount" : 73491,
    "errorCount" : 10357,
    "errorPct" : 14.092882,
    "meanResTime" : 1.0544692547386678,
    "medianResTime" : 1.0,
    "minResTime" : 0.0,
    "maxResTime" : 43.0,
    "pct1ResTime" : 2.0,
    "pct2ResTime" : 2.0,
    "pct3ResTime" : 3.0,
    "throughput" : 246.5760318876952,
    "receivedKBytesPerSec" : 209.14471950743342,
    "sentKBytesPerSec" : 45.73858775155513
  },
  "03- Put API" : {
    "transaction" : "03- Put API",
    "sampleCount" : 14698,
    "errorCount" : 2155,
    "errorPct" : 14.661859,
    "meanResTime" : 1.0468771261396086,
    "medianResTime" : 1.0,
    "minResTime" : 0.0,
    "maxResTime" : 31.0,
    "pct1ResTime" : 2.0,
    "pct2ResTime" : 2.0,
    "pct3ResTime" : 3.0,
    "throughput" : 50.00272160683668,
    "receivedKBytesPerSec" : 45.0937096543049,
    "sentKBytesPerSec" : 10.167792908683285
  },
  "02- Post API" : {
    "transaction" : "02- Post API",
    "sampleCount" : 14799,
    "errorCount" : 1927,
    "errorPct" : 13.02115,
    "meanResTime" : 1.0715588891141292,
    "medianResTime" : 1.0,
    "minResTime" : 0.0,
    "maxResTime" : 32.0,
    "pct1ResTime" : 2.0,
    "pct2ResTime" : 2.0,
    "pct3ResTime" : 3.0,
    "throughput" : 49.999493214137296,
    "receivedKBytesPerSec" : 44.05976823943436,
    "sentKBytesPerSec" : 10.447548930175044
  },
  "01- Get API" : {
    "transaction" : "01- Get API",
    "sampleCount" : 14899,
    "errorCount" : 2035,
    "errorPct" : 13.658635,
    "meanResTime" : 1.0512114907040713,
    "medianResTime" : 1.0,
    "minResTime" : 0.0,
    "maxResTime" : 43.0,
    "pct1ResTime" : 2.0,
    "pct2ResTime" : 2.0,
    "pct3ResTime" : 3.0,
    "throughput" : 49.99177932348865,
    "receivedKBytesPerSec" : 32.79360830342853,
    "sentKBytesPerSec" : 5.058232588103842
  }
}