{
  "05- Delete API" : {
    "transaction" : "05- Delete API",
    "sampleCount" : 14500,
    "errorCount" : 2201,
    "errorPct" : 15.179311,
    "meanResTime" : 1.0511034482758672,
    "medianResTime" : 1.0,
    "minResTime" : 0.0,
    "maxResTime" : 23.0,
    "pct1ResTime" : 2.0,
    "pct2ResTime" : 2.0,
    "pct3ResTime" : 3.0,
    "throughput" : 50.011726887684006,
    "receivedKBytesPerSec" : 45.564755404931155,
    "sentKBytesPerSec" : 10.356516517235075
  },
  "04- Patch API" : {
    "transaction" : "04- Patch API",
    "sampleCount" : 14595,
    "errorCount" : 2056,
    "errorPct" : 14.087016,
    "meanResTime" : 1.0856457690990065,
    "medianResTime" : 1.0,
    "minResTime" : 0.0,
    "maxResTime" : 29.0,
    "pct1ResTime" : 2.0,
    "pct2ResTime" : 2.0,
    "pct3ResTime" : 3.0,
    "throughput" : 50.01062233156751,
    "receivedKBytesPerSec" : 44.808554291036465,
    "sentKBytesPerSec" : 10.405735587894654
  },
  "Total" : {
    "transaction" : "Total",
    "sampleCount" : 73492,
    "errorCount" : 10473,
    "errorPct" : 14.25053,
    "meanResTime" : 1.074144124530548,
    "medianResTime" : 1.0,
    "minResTime" : 0.0,
    "maxResTime" : 86.0,
    "pct1ResTime" : 2.0,
    "pct2ResTime" : 2.0,
    "pct3ResTime" : 3.0,
    "throughput" : 246.5653234383335,
    "receivedKBytesPerSec" : 209.6876593622825,
    "sentKBytesPerSec" : 45.663152064328685
  },
  "03- Put API" : {
    "transaction" : "03- Put API",
    "sampleCount" : 14697,
    "errorCount" : 2205,
    "errorPct" : 15.003062,
    "meanResTime" : 1.0605565761720126,
    "medianResTime" : 1.0,
    "minResTime" : 0.0,
    "maxResTime" : 24.0,
    "pct1ResTime" : 2.0,
    "pct2ResTime" : 2.0,
    "pct3ResTime" : 3.0,
    "throughput" : 50.00867674530179,
    "receivedKBytesPerSec" : 45.32236700654839,
    "sentKBytesPerSec" : 10.128345650909017
  },
  "02- Post API" : {
    "transaction" : "02- Post API",
    "sampleCount" : 14799,
    "errorCount" : 1926,
    "errorPct" : 13.014393,
    "meanResTime" : 1.0778430975065898,
    "medianResTime" : 1.0,
    "minResTime" : 0.0,
    "maxResTime" : 22.0,
    "pct1ResTime" : 2.0,
    "pct2ResTime" : 2.0,
    "pct3ResTime" : 3.0,
    "throughput" : 50.00709608093587,
    "receivedKBytesPerSec" : 44.06204936718164,
    "sentKBytesPerSec" : 10.449949345386534
  },
  "01- Get API" : {
    "transaction" : "01- Get API",
    "sampleCount" : 14901,
    "errorCount" : 2085,
    "errorPct" : 13.99235,
    "meanResTime" : 1.0950271793839352,
    "medianResTime" : 1.0,
    "minResTime" : 0.0,
    "maxResTime" : 86.0,
    "pct1ResTime" : 2.0,
    "pct2ResTime" : 2.0,
    "pct3ResTime" : 3.0,
    "throughput" : 49.99278675984607,
    "receivedKBytesPerSec" : 33.057552928198064,
    "sentKBytesPerSec" : 5.038783747060186
  }
}