{
  "05- Delete API" : {
    "transaction" : "05- Delete API",
    "sampleCount" : 14500,
    "errorCount" : 2200,
    "errorPct" : 15.172414,
    "meanResTime" : 1.1328965517241365,
    "medianResTime" : 1.0,
    "minResTime" : 0.0,
    "maxResTime" : 30.0,
    "pct1ResTime" : 2.0,
    "pct2ResTime" : 2.0,
    "pct3ResTime" : 4.0,
    "throughput" : 50.013106883183184,
    "receivedKBytesPerSec" : 45.561509223106746,
    "sentKBytesPerSec" : 10.357644374042854
  },
  "04- Patch API" : {
    "transaction" : "04- Patch API",
    "sampleCount" : 14596,
    "errorCount" : 2163,
    "errorPct" : 14.819129,
    "meanResTime" : 1.1397643189915074,
    "medianResTime" : 1.0,
    "minResTime" : 0.0,
    "maxResTime" : 33.0,
    "pct1ResTime" : 2.0,
    "pct2ResTime" : 2.0,
    "pct3ResTime" : 4.0,
    "throughput" : 50.013534767219134,
    "receivedKBytesPerSec" : 45.28959717149064,
    "sentKBytesPerSec" : 10.317663342367933
  },
  "Total" : {
    "transaction" : "Total",
    "sampleCount" : 73491,
    "errorCount" : 10781,
    "errorPct" : 14.669824,
    "meanResTime" : 1.1454872025145952,
    "medianResTime" : 1.0,
    "minResTime" : 0.0,
    "maxResTime" : 85.0,
    "pct1ResTime" : 2.0,
    "pct2ResTime" : 3.0,
    "pct3ResTime" : 4.0,
    "throughput" : 246.59175175403573,
    "receivedKBytesPerSec" : 211.06087978710823,
    "sentKBytesPerSec" : 45.418795423736775
  },
  "03- Put API" : {
    "transaction" : "03- Put API",
    "sampleCount" : 14696,
    "errorCount" : 2250,
    "errorPct" : 15.310288,
    "meanResTime" : 1.1274496461622243,
    "medianResTime" : 1.0,
    "minResTime" : 0.0,
    "maxResTime" : 32.0,
    "pct1ResTime" : 2.0,
    "pct2ResTime" : 2.0,
    "pct3ResTime" : 4.0,
    "throughput" : 50.01259162962913,
    "receivedKBytesPerSec" : 45.526983096588005,
    "sentKBytesPerSec" : 10.092526144647197
  },
  "02- Post API" : {
    "transaction" : "02- Post API",
    "sampleCount" : 14798,
    "errorCount" : 2084,
    "errorPct" : 14.082984,
    "meanResTime" : 1.1528584943911364,
    "medianResTime" : 1.0,
    "minResTime" : 0.0,
    "maxResTime" : 31.0,
    "pct1ResTime" : 2.0,
    "pct2ResTime" : 2.0,
    "pct3ResTime" : 4.0,
    "throughput" : 50.00625162626764,
    "receivedKBytesPerSec" : 44.76004684918036,
    "sentKBytesPerSec" : 10.321400647296763
  },
  "01- Get API" : {
    "transaction" : "01- Get API",
    "sampleCount" : 14901,
    "errorCount" : 2084,
    "errorPct" : 13.985639,
    "meanResTime" : 1.1738138379974516,
    "medianResTime" : 1.0,
    "minResTime" : 0.0,
    "maxResTime" : 85.0,
    "pct1ResTime" : 2.0,
    "pct2ResTime" : 2.0,
    "pct3ResTime" : 4.0,
    "throughput" : 49.99882560976019,
    "receivedKBytesPerSec" : 33.056250854578614,
    "sentKBytesPerSec" : 5.039785615061723
  }
}